complaint_id,victim_lat,victim_lon,fraud_type,bank,amount_inr,complaint_text,incident_time,complaint_time,mule_chain,withdrawal_atm_id,withdrawal_atm_name,withdrawal_lat,withdrawal_lon,withdrawal_time,victim_to_withdrawal_km
CMP00001,12.995914,77.553752,UPI QR Scam,Axis Bank,7300.0,"Someone posing as a buyer on an online marketplace asked me to scan a QR code to 'receive' payment. Instead, money was deducted from my Axis Bank account.",2026-07-31T08:38:28.074141,2026-07-31T19:44:37.110364,"[""MULE-CP137038"", ""MULE-VC229305"", ""MULE-LN826220"", ""MULE-BL097800""]",5915230906,Unknown ATM,12.9341518,77.6234672,2026-08-01T21:34:22.521723,10.21
CMP00002,12.90447,77.582796,KYC Update Scam,SBI,7700.0,"I got a message saying my SBI KYC would expire unless I updated it via a link. After entering my details, money was withdrawn from my account.",2026-07-19T04:47:28.736847,2026-07-20T07:57:01.642610,"[""MULE-XB980965"", ""MULE-AD350701"", ""MULE-SG405806""]",6570421951,Unknown ATM,13.0128249,77.5533294,2026-07-20T16:51:50.902321,12.46
CMP00003,13.021415,77.550975,Fake Loan App,Kotak Mahindra Bank,8200.0,I applied for a quick personal loan through an app I found online. After paying a 'processing fee' the app disappeared and my money is gone.,2026-07-24T20:21:49.836295,2026-07-25T13:01:32.674620,"[""MULE-DU167392"", ""MULE-HH349874"", ""MULE-VT358956""]",12244734920,Ujjivan,12.9117281,77.6326118,2026-07-25T08:53:38.336667,15.07
CMP00004,12.953847,77.601593,UPI QR Scam,SBI,8800.0,"Someone posing as a buyer on an online marketplace asked me to scan a QR code to 'receive' payment. Instead, money was deducted from my SBI account.",2026-08-14T02:37:54.600660,2026-08-15T13:47:38.736185,"[""MULE-FM167585"", ""MULE-CU229412"", ""MULE-AV695826""]",12580943043,ICICI Bank,12.9155506,77.6674822,2026-08-15T07:09:12.288088,8.31
CMP00005,12.994296,77.682818,UPI QR Scam,Axis Bank,54900.0,"Someone posing as a buyer on an online marketplace asked me to scan a QR code to 'receive' payment. Instead, money was deducted from my Axis Bank account.",2026-08-07T08:58:14.650507,2026-08-08T18:56:16.434500,"[""MULE-IM151029"", ""MULE-NA098443"", ""MULE-EW984688""]",2387041347,State Bank of India,12.9422696,77.6253883,2026-08-07T16:53:43.297316,8.5
CMP00006,12.968012,77.675117,Fake Loan App,Punjab National Bank,39500.0,I applied for a quick personal loan through an app I found online. After paying a 'processing fee' the app disappeared and my money is gone.,2026-07-23T23:43:28.335538,2026-07-24T17:05:59.625277,"[""MULE-HJ105709"", ""MULE-YX025507"", ""MULE-LM136821"", ""MULE-LH059287""]",7276500304,Corporation Bank,12.9835372,77.5858502,2026-07-25T09:52:18.821904,9.83
CMP00007,12.925671,77.659369,Fake Loan App,Canara Bank,11600.0,I applied for a quick personal loan through an app I found online. After paying a 'processing fee' the app disappeared and my money is gone.,2026-08-13T23:16:20.435877,2026-08-14T17:47:47.316418,"[""MULE-TR774733"", ""MULE-XN918676"", ""MULE-OQ066171"", ""MULE-BE714044""]",5193886868,HDFC Bank,12.9737319,77.6467726,2026-08-15T22:49:56.366493,5.52
CMP00008,13.015247,77.558391,OTP Phishing,Punjab National Bank,51400.0,I received a call from someone claiming to be a Punjab National Bank representative. They asked me to share the OTP for a 'card upgrade' and my account was debited immediately after.,2026-08-07T05:23:20.842733,2026-08-08T00:56:40.021314,"[""MULE-TK020976"", ""MULE-WB188911"", ""MULE-TT307262"", ""MULE-LF290334""]",11896951311,TMB,12.9758961,77.6227691,2026-08-07T14:10:08.559841,8.23
CMP00009,12.998316,77.609345,Investment Fraud,Canara Bank,9100.0,I invested in a trading scheme promoted on social media that promised high returns. The platform is no longer accessible and I've lost my money.,2026-08-14T06:34:08.363254,2026-08-14T13:51:19.405220,"[""MULE-GR717840"", ""MULE-CT336319"", ""MULE-OQ558884"", ""MULE-CQ684882""]",8873805487,Citibank,12.9288008,77.5829059,2026-08-14T18:26:00.467566,8.24
CMP00010,13.034673,77.60991,Fake Loan App,ICICI Bank,11600.0,I applied for a quick personal loan through an app I found online. After paying a 'processing fee' the app disappeared and my money is gone.,2026-08-08T22:20:38.518815,2026-08-09T23:02:47.515034,"[""MULE-RJ751176"", ""MULE-UF881781""]",665871277,State Bank of India,12.9733292,77.5824593,2026-08-09T08:09:44.021936,7.44
CMP00011,13.002072,77.639461,Job Fraud,Kotak Mahindra Bank,64300.0,I was offered a work-from-home job and asked to pay a 'registration fee' via UPI. The recruiter stopped responding after I paid.,2026-08-12T07:16:50.771819,2026-08-13T12:05:07.693069,"[""MULE-UC086723"", ""MULE-WC765174"", ""MULE-TE272901"", ""MULE-XF011575""]",2331429509,Bank of Baroda,12.9381111,77.5565458,2026-08-13T08:56:19.914852,11.46
CMP00012,12.980546,77.590024,Investment Fraud,Punjab National Bank,48400.0,I invested in a trading scheme promoted on social media that promised high returns. The platform is no longer accessible and I've lost my money.,2026-08-10T10:43:18.652488,2026-08-10T16:31:14.074173,"[""MULE-LJ734430"", ""MULE-QY768217"", ""MULE-AJ906228"", ""MULE-EW114027""]",3833904203,State ATM,12.935048,77.5743056,2026-08-11T10:58:55.158389,5.34
CMP00013,12.975088,77.576798,OTP Phishing,Bank of Baroda,53100.0,I received a call from someone claiming to be a Bank of Baroda representative. They asked me to share the OTP for a 'card upgrade' and my account was debited immediately after.,2026-08-13T18:59:13.064955,2026-08-15T11:27:58.523492,"[""MULE-CJ677646"", ""MULE-IA955431"", ""MULE-RK560845""]",1792044189,HDFC Bank,12.9398411,77.553976,2026-08-14T22:18:31.692710,4.63
CMP00014,13.016794,77.629553,OTP Phishing,Punjab National Bank,13000.0,I received a call from someone claiming to be a Punjab National Bank representative. They asked me to share the OTP for a 'card upgrade' and my account was debited immediately after.,2026-08-09T12:02:46.051933,2026-08-10T11:45:17.628006,"[""MULE-VZ846831"", ""MULE-CP116951"", ""MULE-ZA489317""]",3389796914,Syndicate Bank,12.9466123,77.6218766,2026-08-09T22:44:40.452002,7.85
CMP00015,12.985104,77.561814,Investment Fraud,Canara Bank,7400.0,I invested in a trading scheme promoted on social media that promised high returns. The platform is no longer accessible and I've lost my money.,2026-07-25T10:19:16.070502,2026-07-27T01:34:56.046837,"[""MULE-FV101095"", ""MULE-WJ239418""]",4362762990,Unknown ATM,12.9437347,77.5799634,2026-07-27T09:23:47.325946,5.0
CMP00016,12.982471,77.589758,KYC Update Scam,Kotak Mahindra Bank,11300.0,"I got a message saying my Kotak Mahindra Bank KYC would expire unless I updated it via a link. After entering my details, money was withdrawn from my account.",2026-08-14T23:32:25.362255,2026-08-16T21:50:51.419182,"[""MULE-PT400712"", ""MULE-FY892487"", ""MULE-VB510089"", ""MULE-AG204048""]",9159982975,State Bank of India,12.9133861,77.6043326,2026-08-16T20:33:17.082397,7.84
CMP00017,13.049272,77.647482,Job Fraud,Canara Bank,27000.0,I was offered a work-from-home job and asked to pay a 'registration fee' via UPI. The recruiter stopped responding after I paid.,2026-08-06T03:48:13.980504,2026-08-06T10:03:05.697997,"[""MULE-ZI357760"", ""MULE-XA392945"", ""MULE-YK120644"", ""MULE-LN932882""]",3344233314,Citibank,12.9939906,77.6154041,2026-08-06T19:14:28.217863,7.06
CMP00018,12.901079,77.656176,OTP Phishing,Axis Bank,6500.0,I received a call from someone claiming to be a Axis Bank representative. They asked me to share the OTP for a 'card upgrade' and my account was debited immediately after.,2026-07-23T19:43:19.341788,2026-07-23T23:25:24.797895,"[""MULE-TP247221"", ""MULE-LE004568"", ""MULE-WO829888"", ""MULE-NY507597""]",3231750612,Citibank,12.9168242,77.6037973,2026-07-24T03:02:28.981046,5.94
CMP00019,12.932136,77.569847,KYC Update Scam,Canara Bank,7400.0,"I got a message saying my Canara Bank KYC would expire unless I updated it via a link. After entering my details, money was withdrawn from my account.",2026-07-19T19:56:54.735006,2026-07-20T07:59:27.263456,"[""MULE-IE128740"", ""MULE-FV137115""]",3556124491,Unknown ATM,12.98224,77.6387852,2026-07-20T21:48:48.243979,9.32
CMP00020,12.963537,77.620054,Investment Fraud,SBI,128900.0,I invested in a trading scheme promoted on social media that promised high returns. The platform is no longer accessible and I've lost my money.,2026-08-09T03:12:46.463521,2026-08-10T11:41:51.801108,"[""MULE-OP002643"", ""MULE-TF986303"", ""MULE-OX777720""]",1468014994,Unknown ATM,12.93567,77.6152337,2026-08-11T02:32:52.243480,3.14
CMP00021,12.91639,77.578739,KYC Update Scam,Canara Bank,11700.0,"I got a message saying my Canara Bank KYC would expire unless I updated it via a link. After entering my details, money was withdrawn from my account.",2026-08-06T18:40:49.015590,2026-08-07T01:50:20.188393,"[""MULE-CA776992"", ""MULE-YK089432""]",4062937542,Axis Bank,12.9446297,77.6289275,2026-08-07T08:23:12.406601,6.28
CMP00022,12.982549,77.557588,KYC Update Scam,SBI,16700.0,"I got a message saying my SBI KYC would expire unless I updated it via a link. After entering my details, money was withdrawn from my account.",2026-08-08T06:42:42.246546,2026-08-10T05:14:20.606542,"[""MULE-SW459105"", ""MULE-AG736697""]",11302751565,Unknown ATM,12.9177118,77.5996743,2026-08-10T03:37:08.934377,8.53
CMP00023,13.029698,77.685366,Fake Loan App,Kotak Mahindra Bank,7400.0,I applied for a quick personal loan through an app I found online. After paying a 'processing fee' the app disappeared and my money is gone.,2026-07-26T16:21:50.610810,2026-07-26T16:57:59.180508,"[""MULE-HA403787"", ""MULE-EF844585"", ""MULE-RX116955""]",11963070622,Unknown ATM,12.9536988,77.59234,2026-07-27T14:45:42.380557,13.15
CMP00024,13.009576,77.667504,Investment Fraud,Canara Bank,32500.0,I invested in a trading scheme promoted on social media that promised high returns. The platform is no longer accessible and I've lost my money.,2026-07-22T06:35:42.612261,2026-07-22T14:26:52.869383,"[""MULE-KW644386"", ""MULE-TL049159"", ""MULE-AK660134"", ""MULE-HY454618""]",12538086462,Unknown ATM,12.9165713,77.5615738,2026-07-23T01:03:24.835476,15.45
CMP00025,12.947041,77.557521,Job Fraud,ICICI Bank,34600.0,I was offered a work-from-home job and asked to pay a 'registration fee' via UPI. The recruiter stopped responding after I paid.,2026-07-18T18:04:23.580556,2026-07-18T21:16:29.988690,"[""MULE-BO427788"", ""MULE-NL870106""]",11303622566,HDFC Bank,12.9061896,77.5780386,2026-07-19T21:24:07.249301,5.06
CMP00026,12.935281,77.567983,KYC Update Scam,Axis Bank,28900.0,"I got a message saying my Axis Bank KYC would expire unless I updated it via a link. After entering my details, money was withdrawn from my account.",2026-08-05T16:05:03.243917,2026-08-06T20:04:58.402751,"[""MULE-UO053528"", ""MULE-CT174704"", ""MULE-OD322990"", ""MULE-MA618438""]",1455123608,Axis Bank,12.9356059,77.6143393,2026-08-05T23:45:12.183255,5.02
CMP00027,13.040206,77.580639,Investment Fraud,Punjab National Bank,8700.0,I invested in a trading scheme promoted on social media that promised high returns. The platform is no longer accessible and I've lost my money.,2026-07-21T03:25:45.859213,2026-07-21T15:16:01.157110,"[""MULE-RC100797"", ""MULE-IV708911"", ""MULE-JE494090""]",6393846701,Andhra Bank,12.9712853,77.6348681,2026-07-22T02:03:08.679248,9.66
CMP00028,13.04036,77.551397,KYC Update Scam,HDFC Bank,17300.0,"I got a message saying my HDFC Bank KYC would expire unless I updated it via a link. After entering my details, money was withdrawn from my account.",2026-08-08T22:46:52.584281,2026-08-09T02:45:40.167589,"[""MULE-BQ896978"", ""MULE-HV750184"", ""MULE-SA241737""]",2331429508,State Bank of India,12.9347536,77.5556142,2026-08-09T13:44:01.516296,11.75
CMP00029,13.025062,77.655531,KYC Update Scam,SBI,24700.0,"I got a message saying my SBI KYC would expire unless I updated it via a link. After entering my details, money was withdrawn from my account.",2026-08-12T20:07:58.035913,2026-08-14T04:21:22.643748,"[""MULE-LS465438"", ""MULE-XB137955""]",12022091569,Unknown ATM,13.037345,77.5904645,2026-08-14T01:25:33.901025,7.18
CMP00030,12.990724,77.657642,Fake Loan App,Bank of Baroda,7400.0,I applied for a quick personal loan through an app I found online. After paying a 'processing fee' the app disappeared and my money is gone.,2026-08-10T18:36:55.040002,2026-08-11T19:07:19.988937,"[""MULE-OG899300"", ""MULE-LW853508""]",11897968142,Unknown ATM,13.0022545,77.5710872,2026-08-11T11:09:44.573315,9.47
CMP00031,12.941502,77.550532,Fake Loan App,Bank of Baroda,33700.0,I applied for a quick personal loan through an app I found online. After paying a 'processing fee' the app disappeared and my money is gone.,2026-07-24T11:46:04.643341,2026-07-24T19:56:35.161284,"[""MULE-KY109193"", ""MULE-RC269159"", ""MULE-EA786105"", ""MULE-BB434830""]",7236205644,ICICI Bank,12.9853419,77.5564646,2026-07-25T12:19:30.172734,4.92
CMP00032,12.987376,77.572214,Fake Loan App,SBI,48000.0,I applied for a quick personal loan through an app I found online. After paying a 'processing fee' the app disappeared and my money is gone.,2026-07-28T23:11:05.038149,2026-07-29T14:19:37.215987,"[""MULE-YB633402"", ""MULE-IA979735""]",10299297409,Unknown ATM,13.0477325,77.5762392,2026-07-30T18:56:31.039247,6.73
CMP00033,12.937429,77.565419,KYC Update Scam,Kotak Mahindra Bank,42400.0,"I got a message saying my Kotak Mahindra Bank KYC would expire unless I updated it via a link. After entering my details, money was withdrawn from my account.",2026-07-26T17:32:26.047928,2026-07-28T16:17:52.178799,"[""MULE-DM831097"", ""MULE-NE539663""]",11982683583,Unknown ATM,12.9052438,77.6491055,2026-07-28T07:01:07.062733,9.75
CMP00034,13.018106,77.566214,OTP Phishing,Canara Bank,6300.0,I received a call from someone claiming to be a Canara Bank representative. They asked me to share the OTP for a 'card upgrade' and my account was debited immediately after.,2026-07-22T12:00:27.836758,2026-07-22T23:04:24.002458,"[""MULE-RE823971"", ""MULE-JK307652"", ""MULE-MK833555""]",4067004487,State Bank of India,12.9765781,77.6738208,2026-07-24T04:18:15.731524,12.54
CMP00035,12.95977,77.59179,OTP Phishing,Bank of Baroda,16800.0,I received a call from someone claiming to be a Bank of Baroda representative. They asked me to share the OTP for a 'card upgrade' and my account was debited immediately after.,2026-08-08T16:07:41.859636,2026-08-09T09:18:27.847709,"[""MULE-AQ301096"", ""MULE-KS652843"", ""MULE-NW402026"", ""MULE-PV889151""]",5922659282,Unknown ATM,12.9910238,77.5505564,2026-08-09T19:31:23.997776,5.66
CMP00036,13.031556,77.589182,KYC Update Scam,Bank of Baroda,17900.0,"I got a message saying my Bank of Baroda KYC would expire unless I updated it via a link. After entering my details, money was withdrawn from my account.",2026-08-03T08:10:42.315538,2026-08-03T10:29:44.296285,"[""MULE-PG795187"", ""MULE-WO650873"", ""MULE-AP507823""]",3363186002,Unknown ATM,13.0199268,77.5951979,2026-08-04T15:14:03.889292,1.45
CMP00037,13.020977,77.653029,Investment Fraud,Axis Bank,38800.0,I invested in a trading scheme promoted on social media that promised high returns. The platform is no longer accessible and I've lost my money.,2026-08-02T22:16:18.692710,2026-08-03T16:04:20.564385,"[""MULE-TL669193"", ""MULE-MB207189"", ""MULE-HE301453""]",6210725029,ICICI Bank,12.9772008,77.5733371,2026-08-03T07:12:38.732952,9.91
CMP00038,12.918694,77.685007,KYC Update Scam,Bank of Baroda,8200.0,"I got a message saying my Bank of Baroda KYC would expire unless I updated it via a link. After entering my details, money was withdrawn from my account.",2026-07-26T10:11:05.899407,2026-07-27T18:21:44.586009,"[""MULE-ST928703"", ""MULE-NP717338"", ""MULE-VG750819"", ""MULE-PH071289""]",7051951386,Federal Bank,12.9722597,77.6795798,2026-07-27T05:53:04.754621,5.99
CMP00039,13.041055,77.651598,Fake Loan App,Bank of Baroda,17000.0,I applied for a quick personal loan through an app I found online. After paying a 'processing fee' the app disappeared and my money is gone.,2026-08-03T13:04:32.923646,2026-08-04T08:51:51.777504,"[""MULE-HZ620653"", ""MULE-IA173591""]",3237634150,Punjab National Bank,12.9673021,77.5871125,2026-08-05T06:05:32.169245,10.77
CMP00040,12.998206,77.619748,Job Fraud,Axis Bank,23500.0,I was offered a work-from-home job and asked to pay a 'registration fee' via UPI. The recruiter stopped responding after I paid.,2026-07-23T11:31:12.336456,2026-07-24T12:18:03.089922,"[""MULE-EY289398"", ""MULE-PG816167"", ""MULE-RJ437311"", ""MULE-JJ575171""]",12285541098,Unknown ATM,13.0363318,77.5980792,2026-07-25T02:51:25.128801,4.85
CMP00041,12.950278,77.672764,Fake Loan App,Bank of Baroda,47200.0,I applied for a quick personal loan through an app I found online. After paying a 'processing fee' the app disappeared and my money is gone.,2026-07-29T07:04:51.509452,2026-07-29T18:15:05.063338,"[""MULE-AM692051"", ""MULE-DE342109""]",660666062,Syndicate Bank,12.9836146,77.5948986,2026-07-29T21:26:39.955280,9.22
CMP00042,13.032921,77.636351,Investment Fraud,Kotak Mahindra Bank,2400.0,I invested in a trading scheme promoted on social media that promised high returns. The platform is no longer accessible and I've lost my money.,2026-07-25T04:38:31.237970,2026-07-26T04:37:29.733871,"[""MULE-FK417422"", ""MULE-LX527565""]",5685637244,State Bank of India,13.0068403,77.5711956,2026-07-25T20:53:21.685234,7.63
CMP00043,13.004387,77.619682,KYC Update Scam,Axis Bank,420800.0,"I got a message saying my Axis Bank KYC would expire unless I updated it via a link. After entering my details, money was withdrawn from my account.",2026-07-31T10:56:18.024596,2026-08-02T07:01:05.397068,"[""MULE-DY796141"", ""MULE-MZ105467"", ""MULE-MO672379""]",1474449978,Federal Bank,12.9245296,77.6094944,2026-07-31T22:02:07.444793,8.95
CMP00044,13.033714,77.641898,Investment Fraud,Kotak Mahindra Bank,60800.0,I invested in a trading scheme promoted on social media that promised high returns. The platform is no longer accessible and I've lost my money.,2026-07-28T17:40:07.759852,2026-07-30T09:37:15.087874,"[""MULE-QY049589"", ""MULE-FX000131"", ""MULE-UW639524"", ""MULE-UH434021""]",11708674465,Unknown ATM,12.978571,77.6292671,2026-07-29T22:40:45.998784,6.28
CMP00045,13.012767,77.675979,UPI QR Scam,Canara Bank,11900.0,"Someone posing as a buyer on an online marketplace asked me to scan a QR code to 'receive' payment. Instead, money was deducted from my Canara Bank account.",2026-08-09T00:40:27.114729,2026-08-10T06:56:41.097453,"[""MULE-AE844254"", ""MULE-GN968148"", ""MULE-UL226798""]",1370777376,Unknown ATM,13.0317411,77.611461,2026-08-09T18:12:26.248703,7.3
CMP00046,13.033954,77.562087,Fake Loan App,Axis Bank,16100.0,I applied for a quick personal loan through an app I found online. After paying a 'processing fee' the app disappeared and my money is gone.,2026-07-30T02:57:42.642385,2026-07-30T21:39:21.677391,"[""MULE-HP886006"", ""MULE-YX461802"", ""MULE-YN420144""]",1812668672,Unknown ATM,12.917953,77.5571384,2026-07-30T15:22:46.798691,12.91
CMP00047,12.962366,77.581025,Job Fraud,Kotak Mahindra Bank,8700.0,I was offered a work-from-home job and asked to pay a 'registration fee' via UPI. The recruiter stopped responding after I paid.,2026-08-01T11:09:30.654817,2026-08-03T06:38:18.034613,"[""MULE-VI114087"", ""MULE-QM785536"", ""MULE-LM423532"", ""MULE-BM625431""]",6534631815,Citibank,12.9245257,77.6180091,2026-08-02T17:41:23.462245,5.81
CMP00048,13.028017,77.693015,Job Fraud,Axis Bank,10000.0,I was offered a work-from-home job and asked to pay a 'registration fee' via UPI. The recruiter stopped responding after I paid.,2026-08-05T16:03:42.374540,2026-08-06T15:45:09.615201,"[""MULE-PB339516"", ""MULE-QY805370"", ""MULE-HP808340""]",4231932593,Unknown ATM,12.9771924,77.6387974,2026-08-06T09:31:30.193679,8.15
CMP00049,12.960648,77.574757,Job Fraud,ICICI Bank,24400.0,I was offered a work-from-home job and asked to pay a 'registration fee' via UPI. The recruiter stopped responding after I paid.,2026-07-26T18:10:02.526424,2026-07-28T17:15:05.984580,"[""MULE-HC351200"", ""MULE-ZI845392"", ""MULE-DZ413737"", ""MULE-JA496579""]",11710500779,Unknown ATM,12.9780328,77.6295292,2026-07-27T22:36:02.019209,6.24
CMP00050,12.996412,77.570355,Job Fraud,ICICI Bank,2700.0,I was offered a work-from-home job and asked to pay a 'registration fee' via UPI. The recruiter stopped responding after I paid.,2026-07-27T01:55:51.211961,2026-07-27T04:49:09.884288,"[""MULE-UO942480"", ""MULE-QB435749"", ""MULE-QN594448""]",1806959176,Unknown ATM,12.9732886,77.5702017,2026-07-27T23:51:11.716226,2.57
CMP00051,12.941738,77.692681,Job Fraud,Bank of Baroda,63600.0,I was offered a work-from-home job and asked to pay a 'registration fee' via UPI. The recruiter stopped responding after I paid.,2026-08-13T07:46:38.340113,2026-08-14T23:56:08.106563,"[""MULE-WW454782"", ""MULE-CS894183""]",9833588985,HDFC Bank,12.9834587,77.6073655,2026-08-14T09:31:48.733748,10.34
CMP00052,12.997763,77.663135,Fake Loan App,Axis Bank,40100.0,I applied for a quick personal loan through an app I found online. After paying a 'processing fee' the app disappeared and my money is gone.,2026-08-03T15:45:24.379796,2026-08-05T08:07:12.512511,"[""MULE-OJ603947"", ""MULE-VA176946"", ""MULE-SD461983""]",2387041069,Canara Bank,12.9437857,77.6236824,2026-08-04T23:51:10.331072,7.37
CMP00053,12.932695,77.65492,UPI QR Scam,ICICI Bank,7600.0,"Someone posing as a buyer on an online marketplace asked me to scan a QR code to 'receive' payment. Instead, money was deducted from my ICICI Bank account.",2026-07-20T00:30:43.120423,2026-07-21T05:47:30.770851,"[""MULE-GQ945203"", ""MULE-BA412690""]",7528068996,Unknown ATM,12.9282921,77.605239,2026-07-21T22:59:19.813731,5.41
CMP00054,13.001602,77.693726,Job Fraud,Axis Bank,34100.0,I was offered a work-from-home job and asked to pay a 'registration fee' via UPI. The recruiter stopped responding after I paid.,2026-07-29T10:40:06.366817,2026-07-29T14:46:41.764528,"[""MULE-ZZ046630"", ""MULE-IR756892""]",5193886868,HDFC Bank,12.9737319,77.6467726,2026-07-30T21:40:27.266506,5.96
CMP00055,13.002639,77.670829,KYC Update Scam,SBI,17300.0,"I got a message saying my SBI KYC would expire unless I updated it via a link. After entering my details, money was withdrawn from my account.",2026-08-12T12:59:44.217017,2026-08-13T05:59:16.060885,"[""MULE-CL996633"", ""MULE-CT877028"", ""MULE-UZ009655"", ""MULE-CW680857""]",3451663435,State Bank of India,12.9923397,77.659961,2026-08-13T12:59:14.972618,1.64
CMP00056,12.965029,77.604328,Job Fraud,ICICI Bank,204100.0,I was offered a work-from-home job and asked to pay a 'registration fee' via UPI. The recruiter stopped responding after I paid.,2026-07-21T09:18:08.973699,2026-07-22T06:29:17.275495,"[""MULE-TQ211734"", ""MULE-FX800129"", ""MULE-TM806740""]",12460940277,Unknown ATM,12.9806113,77.5686726,2026-07-22T22:07:18.823666,4.23
CMP00057,13.016196,77.619731,Investment Fraud,Bank of Baroda,48000.0,I invested in a trading scheme promoted on social media that promised high returns. The platform is no longer accessible and I've lost my money.,2026-08-07T22:49:47.455680,2026-08-08T14:38:21.539370,"[""MULE-WJ607120"", ""MULE-QK434962"", ""MULE-UN739952""]",12046492139,Unknown ATM,13.0191027,77.6433499,2026-08-08T15:08:26.325247,2.58
CMP00058,12.969706,77.64155,Job Fraud,Punjab National Bank,16300.0,I was offered a work-from-home job and asked to pay a 'registration fee' via UPI. The recruiter stopped responding after I paid.,2026-08-17T09:55:54.919768,2026-08-17T11:47:42.619387,"[""MULE-VR560353"", ""MULE-ZD078330""]",1791595069,Unknown ATM,12.9500017,77.5721635,2026-08-19T03:40:18.988618,7.83
CMP00059,12.941949,77.639423,UPI QR Scam,SBI,20500.0,"Someone posing as a buyer on an online marketplace asked me to scan a QR code to 'receive' payment. Instead, money was deducted from my SBI account.",2026-08-02T21:16:40.832226,2026-08-03T22:19:04.092269,"[""MULE-SY210194"", ""MULE-NO723709"", ""MULE-FQ767199""]",2331429508,State Bank of India,12.9347536,77.5556142,2026-08-03T11:18:08.563463,9.12
CMP00060,13.003591,77.646885,Job Fraud,Canara Bank,6800.0,I was offered a work-from-home job and asked to pay a 'registration fee' via UPI. The recruiter stopped responding after I paid.,2026-08-09T11:59:11.212327,2026-08-11T02:09:02.732778,"[""MULE-HH135787"", ""MULE-CI284209"", ""MULE-NG329528"", ""MULE-TR423717""]",2125939229,Unknown ATM,13.032436,77.6088298,2026-08-09T21:53:40.878931,5.22
CMP00061,12.955353,77.633021,UPI QR Scam,Kotak Mahindra Bank,13700.0,"Someone posing as a buyer on an online marketplace asked me to scan a QR code to 'receive' payment. Instead, money was deducted from my Kotak Mahindra Bank account.",2026-08-10T06:50:03.132790,2026-08-12T06:40:27.113127,"[""MULE-IU445179"", ""MULE-PF681021"", ""MULE-NP480945""]",3237634150,Punjab National Bank,12.9673021,77.5871125,2026-08-11T11:57:01.869871,5.15
CMP00062,12.918098,77.578888,OTP Phishing,ICICI Bank,103600.0,I received a call from someone claiming to be a ICICI Bank representative. They asked me to share the OTP for a 'card upgrade' and my account was debited immediately after.,2026-07-25T23:42:31.710067,2026-07-26T09:18:25.216452,"[""MULE-PL878839"", ""MULE-AC394843"", ""MULE-MM036303"", ""MULE-DG364707""]",2624180875,HDFC Bank,13.0219084,77.6577437,2026-07-27T12:43:48.733678,14.36
CMP00063,12.94245,77.565079,Fake Loan App,Bank of Baroda,8300.0,I applied for a quick personal loan through an app I found online. After paying a 'processing fee' the app disappeared and my money is gone.,2026-08-13T15:13:17.615112,2026-08-14T02:31:37.236068,"[""MULE-AQ100750"", ""MULE-MP602015"", ""MULE-SX177467"", ""MULE-ZO972937""]",428549527,State Bank of India,13.0047512,77.5650939,2026-08-14T04:45:29.176517,6.93
CMP00064,13.041613,77.64568,Job Fraud,HDFC Bank,21400.0,I was offered a work-from-home job and asked to pay a 'registration fee' via UPI. The recruiter stopped responding after I paid.,2026-08-15T02:32:16.620871,2026-08-16T20:29:31.695556,"[""MULE-KR186715"", ""MULE-VF743898"", ""MULE-UD394361""]",4163019989,Unknown ATM,12.9733622,77.6753236,2026-08-16T08:38:55.130879,8.24
CMP00065,13.002968,77.572759,KYC Update Scam,Bank of Baroda,48300.0,"I got a message saying my Bank of Baroda KYC would expire unless I updated it via a link. After entering my details, money was withdrawn from my account.",2026-08-01T07:58:08.039976,2026-08-01T12:30:53.975312,"[""MULE-IS417635"", ""MULE-XW854670"", ""MULE-NH549318""]",4457765089,Federal Bank,12.9304666,77.6183064,2026-08-02T00:23:34.512404,9.45
CMP00066,12.933853,77.628386,Job Fraud,Canara Bank,35500.0,I was offered a work-from-home job and asked to pay a 'registration fee' via UPI. The recruiter stopped responding after I paid.,2026-07-20T07:46:36.761895,2026-07-20T22:24:04.147555,"[""MULE-BT790963"", ""MULE-VA294496"", ""MULE-RB607850"", ""MULE-CT907785""]",3761418961,HDFC Bank,12.9600667,77.6450929,2026-07-21T14:29:41.762870,3.43
CMP00067,13.011013,77.692139,Fake Loan App,Axis Bank,18200.0,I applied for a quick personal loan through an app I found online. After paying a 'processing fee' the app disappeared and my money is gone.,2026-07-25T13:39:41.288337,2026-07-26T02:43:55.775762,"[""MULE-GE950077"", ""MULE-QD685552"", ""MULE-JO574707"", ""MULE-NA690877""]",2616233224,ICICI Bank,13.0499598,77.5976135,2026-07-25T23:04:16.833116,11.12
CMP00068,12.943689,77.584721,Investment Fraud,Bank of Baroda,72100.0,I invested in a trading scheme promoted on social media that promised high returns. The platform is no longer accessible and I've lost my money.,2026-08-13T22:21:23.632625,2026-08-15T08:14:54.505059,"[""MULE-EK577903"", ""MULE-AE920281"", ""MULE-TB017879""]",6393846701,Andhra Bank,12.9712853,77.6348681,2026-08-14T23:25:33.169178,6.24
CMP00069,12.999177,77.69005,Job Fraud,HDFC Bank,6700.0,I was offered a work-from-home job and asked to pay a 'registration fee' via UPI. The recruiter stopped responding after I paid.,2026-08-16T23:28:44.304846,2026-08-18T01:50:44.471606,"[""MULE-PD947810"", ""MULE-YM741158""]",11896939309,ICICI Bank,12.9765152,77.6230761,2026-08-18T08:40:46.675024,7.68
CMP00070,12.985381,77.593292,OTP Phishing,Canara Bank,24600.0,I received a call from someone claiming to be a Canara Bank representative. They asked me to share the OTP for a 'card upgrade' and my account was debited immediately after.,2026-08-12T09:04:34.652068,2026-08-13T18:17:18.588565,"[""MULE-GD328117"", ""MULE-KN376294"", ""MULE-SJ128774"", ""MULE-GO171699""]",12078449264,Unknown ATM,12.9105119,77.627123,2026-08-13T20:27:54.385236,9.1
CMP00071,12.989705,77.683413,Investment Fraud,Punjab National Bank,74700.0,I invested in a trading scheme promoted on social media that promised high returns. The platform is no longer accessible and I've lost my money.,2026-08-09T10:40:14.191628,2026-08-10T15:50:49.224230,"[""MULE-TQ722145"", ""MULE-CF489405"", ""MULE-WF813279"", ""MULE-VO225405""]",2387041695,Unknown ATM,12.9043833,77.6455159,2026-08-09T17:45:24.963357,10.34
CMP00072,13.042618,77.699936,Investment Fraud,Bank of Baroda,357600.0,I invested in a trading scheme promoted on social media that promised high returns. The platform is no longer accessible and I've lost my money.,2026-08-02T06:35:02.362653,2026-08-03T10:27:20.597020,"[""MULE-UN838567"", ""MULE-ZM875869"", ""MULE-QX393492"", ""MULE-LX404381""]",1925196711,Standard Chartered,12.9940622,77.6606292,2026-08-03T20:38:04.444084,6.88
CMP00073,12.927223,77.637799,Investment Fraud,Canara Bank,139600.0,I invested in a trading scheme promoted on social media that promised high returns. The platform is no longer accessible and I've lost my money.,2026-08-04T17:34:25.027780,2026-08-06T16:06:13.473147,"[""MULE-ZA992480"", ""MULE-ZF357014"", ""MULE-GZ074833""]",3556133795,Kotak Mahindra Bank,12.9783815,77.6354826,2026-08-05T19:18:50.599498,5.69
CMP00074,12.949471,77.654051,UPI QR Scam,Kotak Mahindra Bank,14300.0,"Someone posing as a buyer on an online marketplace asked me to scan a QR code to 'receive' payment. Instead, money was deducted from my Kotak Mahindra Bank account.",2026-08-16T05:10:31.490669,2026-08-17T20:19:11.282609,"[""MULE-XZ060369"", ""MULE-TK906991"", ""MULE-LN048855""]",3954737033,Unknown ATM,12.9813006,77.5972585,2026-08-17T10:16:46.097946,7.1
CMP00075,13.015882,77.679737,OTP Phishing,Canara Bank,49400.0,I received a call from someone claiming to be a Canara Bank representative. They asked me to share the OTP for a 'card upgrade' and my account was debited immediately after.,2026-08-05T09:44:49.783854,2026-08-06T05:52:35.118461,"[""MULE-RW407585"", ""MULE-CQ256526"", ""MULE-JO224006""]",3453556771,Axis Bank ATM,12.9593929,77.6383584,2026-08-05T23:37:32.264113,7.72
CMP00076,12.930534,77.632383,UPI QR Scam,Canara Bank,27500.0,"Someone posing as a buyer on an online marketplace asked me to scan a QR code to 'receive' payment. Instead, money was deducted from my Canara Bank account.",2026-07-23T23:06:19.439726,2026-07-25T17:26:44.211294,"[""MULE-KG278739"", ""MULE-KW016110"", ""MULE-EY487369"", ""MULE-ZB155585""]",661059077,Unknown ATM,13.0067463,77.5788817,2026-07-25T01:27:47.863425,10.27
CMP00077,12.923757,77.632626,KYC Update Scam,Kotak Mahindra Bank,7400.0,"I got a message saying my Kotak Mahindra Bank KYC would expire unless I updated it via a link. After entering my details, money was withdrawn from my account.",2026-07-24T16:54:41.805059,2026-07-24T21:50:20.578478,"[""MULE-TT200914"", ""MULE-TV269507"", ""MULE-DN400015""]",11896939309,ICICI Bank,12.9765152,77.6230761,2026-07-26T16:35:11.084536,5.96
CMP00078,12.962324,77.622375,Job Fraud,Axis Bank,24500.0,I was offered a work-from-home job and asked to pay a 'registration fee' via UPI. The recruiter stopped responding after I paid.,2026-08-10T05:47:17.883566,2026-08-11T03:59:08.370403,"[""MULE-AK192268"", ""MULE-MN340461"", ""MULE-YF715182"", ""MULE-KF634420""]",1792027188,Indian Bank,12.9418539,77.555564,2026-08-10T17:51:47.749201,7.59
CMP00079,13.029604,77.591437,Job Fraud,Punjab National Bank,188600.0,I was offered a work-from-home job and asked to pay a 'registration fee' via UPI. The recruiter stopped responding after I paid.,2026-08-16T05:09:27.991700,2026-08-18T02:02:04.467020,"[""MULE-RT738601"", ""MULE-BB795111"", ""MULE-JS054111""]",11242451203,Unknown ATM,12.9773243,77.6390025,2026-08-17T08:28:57.928282,7.77
CMP00080,12.986989,77.648991,Fake Loan App,Canara Bank,2000,I applied for a quick personal loan through an app I found online. After paying a 'processing fee' the app disappeared and my money is gone.,2026-07-21T20:25:29.268080,2026-07-22T22:30:26.546867,"[""MULE-SL366722"", ""MULE-GV838475"", ""MULE-RW410404"", ""MULE-UG126625""]",4537379589,Unknown ATM,12.9143525,77.6636886,2026-07-22T16:55:12.008064,8.23
CMP00081,13.03044,77.697116,Fake Loan App,Kotak Mahindra Bank,13600.0,I applied for a quick personal loan through an app I found online. After paying a 'processing fee' the app disappeared and my money is gone.,2026-07-29T14:24:11.731636,2026-07-30T01:59:50.909912,"[""MULE-XJ783988"", ""MULE-CU194415"", ""MULE-SW055139"", ""MULE-FS059849""]",850751637,Vijaya Bank,13.0248113,77.5934442,2026-07-31T04:58:34.056271,11.25
CMP00082,12.957185,77.698262,Investment Fraud,ICICI Bank,16500.0,I invested in a trading scheme promoted on social media that promised high returns. The platform is no longer accessible and I've lost my money.,2026-07-23T19:00:00.011971,2026-07-24T19:01:41.211055,"[""MULE-TC506842"", ""MULE-IF687814"", ""MULE-MI028642"", ""MULE-BB588951""]",4209484254,State Bank of India,12.9680202,77.5787717,2026-07-24T02:33:17.377206,13.0
CMP00083,13.026756,77.564957,Job Fraud,SBI,8400.0,I was offered a work-from-home job and asked to pay a 'registration fee' via UPI. The recruiter stopped responding after I paid.,2026-07-27T11:40:24.155282,2026-07-28T22:29:22.049797,"[""MULE-KN094164"", ""MULE-NN139118""]",5624262708,HDFC Bank,12.9898516,77.5551738,2026-07-28T10:53:32.922588,4.24
CMP00084,12.959622,77.562047,UPI QR Scam,Kotak Mahindra Bank,43200.0,"Someone posing as a buyer on an online marketplace asked me to scan a QR code to 'receive' payment. Instead, money was deducted from my Kotak Mahindra Bank account.",2026-08-07T08:20:36.654900,2026-08-09T06:09:54.525238,"[""MULE-PT259171"", ""MULE-KX926234"", ""MULE-LU448756""]",11505846465,Unknown ATM,12.9747188,77.6087556,2026-08-08T16:40:08.690766,5.33
CMP00085,12.914766,77.645062,OTP Phishing,Canara Bank,42100.0,I received a call from someone claiming to be a Canara Bank representative. They asked me to share the OTP for a 'card upgrade' and my account was debited immediately after.,2026-07-23T16:00:23.778668,2026-07-24T00:24:32.157199,"[""MULE-EY256557"", ""MULE-VE145711"", ""MULE-KA147697""]",665871277,State Bank of India,12.9733292,77.5824593,2026-07-24T10:35:03.050001,9.4
CMP00086,12.956226,77.571835,KYC Update Scam,Kotak Mahindra Bank,29000.0,"I got a message saying my Kotak Mahindra Bank KYC would expire unless I updated it via a link. After entering my details, money was withdrawn from my account.",2026-08-16T18:09:53.928887,2026-08-17T21:32:47.627475,"[""MULE-CZ306352"", ""MULE-FM365736""]",1741456815,Unknown ATM,12.931931,77.5640576,2026-08-18T09:27:02.873338,2.83
CMP00087,13.00247,77.62465,KYC Update Scam,ICICI Bank,8600.0,"I got a message saying my ICICI Bank KYC would expire unless I updated it via a link. After entering my details, money was withdrawn from my account.",2026-08-14T04:35:04.103391,2026-08-14T16:06:48.327365,"[""MULE-JT802358"", ""MULE-NE328808"", ""MULE-CQ537799"", ""MULE-IY837884""]",4100777593,Unknown ATM,12.9640262,77.5507761,2026-08-15T13:22:35.283599,9.07
CMP00088,12.951835,77.638136,Investment Fraud,Kotak Mahindra Bank,16600.0,I invested in a trading scheme promoted on social media that promised high returns. The platform is no longer accessible and I've lost my money.,2026-08-14T07:49:09.814091,2026-08-15T17:06:33.424722,"[""MULE-ME140397"", ""MULE-TK759129"", ""MULE-PJ688300""]",2986412027,Oriental Bank of Commerce,12.9089445,77.5652653,2026-08-15T09:00:23.388966,9.23
CMP00089,12.944381,77.654892,OTP Phishing,Kotak Mahindra Bank,212000.0,I received a call from someone claiming to be a Kotak Mahindra Bank representative. They asked me to share the OTP for a 'card upgrade' and my account was debited immediately after.,2026-08-11T03:55:50.499692,2026-08-11T17:28:06.644702,"[""MULE-BA949326"", ""MULE-SG145930"", ""MULE-MR061231"", ""MULE-YD293301""]",6419052586,IDFC First Bank,12.9692487,77.5794495,2026-08-12T09:41:58.967056,8.63
CMP00090,13.03544,77.666361,Fake Loan App,Punjab National Bank,80300.0,I applied for a quick personal loan through an app I found online. After paying a 'processing fee' the app disappeared and my money is gone.,2026-08-16T19:20:56.204854,2026-08-17T06:15:05.981011,"[""MULE-AC243226"", ""MULE-UY350261"", ""MULE-HT956954"", ""MULE-QW656741""]",2624180875,HDFC Bank,13.0219084,77.6577437,2026-08-17T09:20:04.161633,1.77
CMP00091,12.920517,77.564575,Investment Fraud,SBI,13900.0,I invested in a trading scheme promoted on social media that promised high returns. The platform is no longer accessible and I've lost my money.,2026-07-18T13:58:05.208267,2026-07-19T05:08:32.731423,"[""MULE-CB008153"", ""MULE-VK890314"", ""MULE-PH353570"", ""MULE-YB392084""]",4703397593,Axis Bank,12.9473628,77.5668805,2026-07-19T14:28:57.674620,3.0
CMP00092,12.930119,77.667977,UPI QR Scam,Bank of Baroda,61300.0,"Someone posing as a buyer on an online marketplace asked me to scan a QR code to 'receive' payment. Instead, money was deducted from my Bank of Baroda account.",2026-07-25T11:44:26.334175,2026-07-27T03:41:17.152121,"[""MULE-YB358948"", ""MULE-JV971536"", ""MULE-ZS361340""]",11260122956,Unknown ATM,12.9164063,77.6365397,2026-07-26T04:32:00.210961,3.73
CMP00093,13.03056,77.670635,Job Fraud,HDFC Bank,34400.0,I was offered a work-from-home job and asked to pay a 'registration fee' via UPI. The recruiter stopped responding after I paid.,2026-07-25T18:44:31.410586,2026-07-26T01:55:40.860152,"[""MULE-HS188382"", ""MULE-JG511414"", ""MULE-XP640832"", ""MULE-ZT489433""]",11468639559,Unknown ATM,12.9749658,77.606555,2026-07-27T17:20:06.242257,9.3
CMP00094,13.026862,77.633597,OTP Phishing,Kotak Mahindra Bank,37100.0,I received a call from someone claiming to be a Kotak Mahindra Bank representative. They asked me to share the OTP for a 'card upgrade' and my account was debited immediately after.,2026-08-09T21:49:29.098901,2026-08-09T22:59:09.188923,"[""MULE-JN526016"", ""MULE-RV342263"", ""MULE-KO043460"", ""MULE-BC982241""]",4101957736,Unknown ATM,12.9793201,77.6442365,2026-08-11T02:21:38.831911,5.41
CMP00095,12.957154,77.645782,UPI QR Scam,HDFC Bank,11100.0,"Someone posing as a buyer on an online marketplace asked me to scan a QR code to 'receive' payment. Instead, money was deducted from my HDFC Bank account.",2026-08-04T23:00:43.203523,2026-08-06T07:34:00.254492,"[""MULE-AV474307"", ""MULE-EG970933"", ""MULE-HM918050"", ""MULE-UF577359""]",5155524818,ICICI Bank,12.9734222,77.6512089,2026-08-06T00:48:50.505962,1.9
CMP00096,12.997148,77.645311,Job Fraud,Bank of Baroda,12100.0,I was offered a work-from-home job and asked to pay a 'registration fee' via UPI. The recruiter stopped responding after I paid.,2026-07-22T15:59:00.139077,2026-07-23T23:19:20.084392,"[""MULE-VZ351683"", ""MULE-SI726442""]",665871314,Standard Chartered,13.0143993,77.5835124,2026-07-23T02:53:01.540710,6.96
CMP00097,12.914579,77.683089,Fake Loan App,Kotak Mahindra Bank,13600.0,I applied for a quick personal loan through an app I found online. After paying a 'processing fee' the app disappeared and my money is gone.,2026-07-23T02:19:53.397703,2026-07-24T00:22:46.480131,"[""MULE-MF789517"", ""MULE-DU241192"", ""MULE-BE347787"", ""MULE-KP135746""]",9332469951,State Bank of India,12.9721987,77.6976091,2026-07-24T12:29:30.913993,6.6
CMP00098,12.923178,77.612233,OTP Phishing,Canara Bank,15400.0,I received a call from someone claiming to be a Canara Bank representative. They asked me to share the OTP for a 'card upgrade' and my account was debited immediately after.,2026-08-17T09:45:04.781921,2026-08-18T15:29:41.310524,"[""MULE-PP479981"", ""MULE-EB048027"", ""MULE-YB447140"", ""MULE-LZ900990""]",2703661724,Axis Bank,13.0271442,77.578158,2026-08-19T07:11:29.605457,12.14
CMP00099,13.042583,77.678318,OTP Phishing,Punjab National Bank,9900.0,I received a call from someone claiming to be a Punjab National Bank representative. They asked me to share the OTP for a 'card upgrade' and my account was debited immediately after.,2026-07-22T00:56:12.172107,2026-07-23T03:17:55.834420,"[""MULE-LW789406"", ""MULE-HG950666"", ""MULE-BX959551""]",3453556777,ICICI Bank,12.9593777,77.638355,2026-07-24T00:00:21.962560,10.22
CMP00100,12.995924,77.695664,OTP Phishing,Punjab National Bank,69000.0,I received a call from someone claiming to be a Punjab National Bank representative. They asked me to share the OTP for a 'card upgrade' and my account was debited immediately after.,2026-08-02T20:35:58.014413,2026-08-03T08:40:08.295828,"[""MULE-NZ901981"", ""MULE-TD755735""]",4599152789,Unknown ATM,12.9932782,77.6793591,2026-08-03T07:53:17.705872,1.79
CMP00101,12.987957,77.671958,Fake Loan App,Punjab National Bank,42100.0,I applied for a quick personal loan through an app I found online. After paying a 'processing fee' the app disappeared and my money is gone.,2026-08-01T01:43:50.475271,2026-08-02T15:00:47.502076,"[""MULE-PQ927430"", ""MULE-IB198024"", ""MULE-RX713132""]",4844865051,Axis Bank,13.0079259,77.6412745,2026-08-02T16:51:13.410918,4.0
CMP00102,12.919499,77.587598,Fake Loan App,HDFC Bank,25300.0,I applied for a quick personal loan through an app I found online. After paying a 'processing fee' the app disappeared and my money is gone.,2026-08-04T02:24:21.964660,2026-08-05T10:18:22.821544,"[""MULE-FP074323"", ""MULE-GZ736764""]",428851702,Canara Bank,12.977709,77.5722837,2026-08-04T09:29:19.923308,6.68
CMP00103,12.939805,77.569014,Job Fraud,HDFC Bank,28700.0,I was offered a work-from-home job and asked to pay a 'registration fee' via UPI. The recruiter stopped responding after I paid.,2026-08-15T03:30:50.194928,2026-08-16T15:25:58.956959,"[""MULE-BI513721"", ""MULE-ZM116623"", ""MULE-FK329843"", ""MULE-QU296291""]",10047234517,Unknown ATM,12.9815781,77.6044787,2026-08-16T05:30:58.584900,6.03
CMP00104,12.933232,77.642266,Investment Fraud,Bank of Baroda,56100.0,I invested in a trading scheme promoted on social media that promised high returns. The platform is no longer accessible and I've lost my money.,2026-08-12T19:31:09.621639,2026-08-13T17:46:34.892918,"[""MULE-OY826699"", ""MULE-RM703560"", ""MULE-ZU977439""]",1336840466,Unknown ATM,12.9716449,77.6574777,2026-08-14T18:00:30.380527,4.58
CMP00105,12.916194,77.65686,Job Fraud,HDFC Bank,8500.0,I was offered a work-from-home job and asked to pay a 'registration fee' via UPI. The recruiter stopped responding after I paid.,2026-07-19T12:09:42.791580,2026-07-21T07:22:37.408416,"[""MULE-KP033671"", ""MULE-PF945299""]",1741246216,ICICI Bank,12.935471,77.5608687,2026-07-20T07:41:26.098726,10.62
CMP00106,12.982253,77.598778,KYC Update Scam,Bank of Baroda,3900.0,"I got a message saying my Bank of Baroda KYC would expire unless I updated it via a link. After entering my details, money was withdrawn from my account.",2026-07-31T05:10:29.753653,2026-08-01T03:13:35.090058,"[""MULE-LJ548903"", ""MULE-EZ219682"", ""MULE-MX598662"", ""MULE-RX546289""]",1468035390,Unknown ATM,12.9168632,77.6045592,2026-08-01T12:36:10.284533,7.3
CMP00107,13.031656,77.6327,Fake Loan App,Kotak Mahindra Bank,12400.0,I applied for a quick personal loan through an app I found online. After paying a 'processing fee' the app disappeared and my money is gone.,2026-08-11T17:36:41.121678,2026-08-12T15:33:37.012308,"[""MULE-PJ130069"", ""MULE-OT373278"", ""MULE-BW375820""]",3344232700,HDFC Bank,12.9952969,77.6144743,2026-08-12T09:12:29.350122,4.5
CMP00108,12.946882,77.596879,UPI QR Scam,Punjab National Bank,65200.0,"Someone posing as a buyer on an online marketplace asked me to scan a QR code to 'receive' payment. Instead, money was deducted from my Punjab National Bank account.",2026-08-04T14:16:49.070223,2026-08-06T12:04:33.390736,"[""MULE-PE558801"", ""MULE-TJ501399""]",4101455701,Karnataka Bank,12.9789941,77.6416035,2026-08-06T01:07:36.410786,6.02
CMP00109,12.98797,77.634238,UPI QR Scam,HDFC Bank,12800.0,"Someone posing as a buyer on an online marketplace asked me to scan a QR code to 'receive' payment. Instead, money was deducted from my HDFC Bank account.",2026-08-06T22:21:43.474273,2026-08-07T18:22:31.750503,"[""MULE-QU838058"", ""MULE-BB738489"", ""MULE-WJ734166""]",12115149772,Unknown ATM,12.9330896,77.6312388,2026-08-08T17:03:12.908955,6.11
CMP00110,12.931911,77.64851,Fake Loan App,HDFC Bank,39900.0,I applied for a quick personal loan through an app I found online. After paying a 'processing fee' the app disappeared and my money is gone.,2026-08-06T08:04:53.214323,2026-08-07T01:12:42.707335,"[""MULE-ZO291686"", ""MULE-IQ391214"", ""MULE-UX618107""]",1474220580,State Bank of India,12.9786857,77.6450948,2026-08-07T13:26:40.554310,5.21
CMP00111,13.026773,77.696182,KYC Update Scam,SBI,4200.0,"I got a message saying my SBI KYC would expire unless I updated it via a link. After entering my details, money was withdrawn from my account.",2026-08-11T20:29:39.382028,2026-08-13T01:55:17.512588,"[""MULE-TE071529"", ""MULE-VU974171""]",7160302091,State Bank of India,12.9774664,77.5918137,2026-08-13T06:07:23.463701,12.57
CMP00112,12.946348,77.600974,OTP Phishing,ICICI Bank,5800.0,I received a call from someone claiming to be a ICICI Bank representative. They asked me to share the OTP for a 'card upgrade' and my account was debited immediately after.,2026-08-03T17:04:28.535206,2026-08-05T10:53:35.058024,"[""MULE-KI933981"", ""MULE-KW718388""]",3451663435,State Bank of India,12.9923397,77.659961,2026-08-04T22:51:36.284734,8.19
CMP00113,12.956429,77.618047,Fake Loan App,Punjab National Bank,5500.0,I applied for a quick personal loan through an app I found online. After paying a 'processing fee' the app disappeared and my money is gone.,2026-08-14T03:07:11.526319,2026-08-14T18:25:21.516538,"[""MULE-VH633720"", ""MULE-PW039079"", ""MULE-AN940647"", ""MULE-AK371627""]",12103968904,Unknown ATM,12.9986429,77.5732028,2026-08-14T22:44:38.219601,6.76
CMP00114,13.001095,77.590815,Investment Fraud,Kotak Mahindra Bank,7700.0,I invested in a trading scheme promoted on social media that promised high returns. The platform is no longer accessible and I've lost my money.,2026-07-24T01:30:58.437998,2026-07-25T01:05:06.589534,"[""MULE-LG399752"", ""MULE-LW935707"", ""MULE-YX749230"", ""MULE-AL520801""]",2616233224,ICICI Bank,13.0499598,77.5976135,2026-07-25T02:04:55.519027,5.48
CMP00115,12.942487,77.651773,Job Fraud,Bank of Baroda,126800.0,I was offered a work-from-home job and asked to pay a 'registration fee' via UPI. The recruiter stopped responding after I paid.,2026-07-26T11:12:22.257144,2026-07-26T13:51:48.626149,"[""MULE-NF629181"", ""MULE-JN519801""]",4811658521,Unknown ATM,12.9038932,77.6415555,2026-07-27T09:48:26.082632,4.43
CMP00116,12.943417,77.567998,Job Fraud,Kotak Mahindra Bank,28900.0,I was offered a work-from-home job and asked to pay a 'registration fee' via UPI. The recruiter stopped responding after I paid.,2026-07-22T01:08:13.457565,2026-07-22T09:58:57.268686,"[""MULE-HT416694"", ""MULE-UJ925634"", ""MULE-VY188091"", ""MULE-QW013469""]",7255929463,State Bank of India,13.0011143,77.6123797,2026-07-22T23:06:20.823357,8.02
CMP00117,12.953125,77.609561,Investment Fraud,SBI,29000.0,I invested in a trading scheme promoted on social media that promised high returns. The platform is no longer accessible and I've lost my money.,2026-07-24T04:34:26.486199,2026-07-25T01:47:40.037032,"[""MULE-LM721494"", ""MULE-NF843792"", ""MULE-FR315810""]",1384675402,Axis Bank,12.925884,77.6753891,2026-07-25T05:53:01.328853,7.75
CMP00118,13.006425,77.612654,OTP Phishing,Kotak Mahindra Bank,18100.0,I received a call from someone claiming to be a Kotak Mahindra Bank representative. They asked me to share the OTP for a 'card upgrade' and my account was debited immediately after.,2026-07-25T18:30:30.066763,2026-07-25T19:59:56.538356,"[""MULE-WK647500"", ""MULE-CG068052"", ""MULE-SH902859"", ""MULE-ZR767621""]",10703105217,IndusInd Bank,13.0005386,77.6766013,2026-07-26T14:08:55.015495,6.96
CMP00119,12.954278,77.615507,OTP Phishing,Axis Bank,35900.0,I received a call from someone claiming to be a Axis Bank representative. They asked me to share the OTP for a 'card upgrade' and my account was debited immediately after.,2026-08-02T17:20:51.720104,2026-08-03T14:32:32.406211,"[""MULE-NR015288"", ""MULE-FN758216"", ""MULE-XT828762""]",1389210293,Unknown ATM,12.9655798,77.5845651,2026-08-03T16:09:59.732331,3.58
CMP00120,13.016868,77.561457,Investment Fraud,HDFC Bank,153100.0,I invested in a trading scheme promoted on social media that promised high returns. The platform is no longer accessible and I've lost my money.,2026-08-16T23:30:41.079351,2026-08-18T01:12:54.503703,"[""MULE-DM347712"", ""MULE-BW436031"", ""MULE-OH775449""]",10009663793,Kotak Mahindra Bank,13.0495713,77.6038451,2026-08-17T13:39:19.319739,5.86
CMP00121,13.022256,77.58544,Fake Loan App,Bank of Baroda,31800.0,I applied for a quick personal loan through an app I found online. After paying a 'processing fee' the app disappeared and my money is gone.,2026-08-09T07:56:46.006874,2026-08-09T17:48:59.485157,"[""MULE-FF359360"", ""MULE-LA740224"", ""MULE-VH103883"", ""MULE-JU635951""]",9872645098,State Bank of India,12.9852752,77.5564539,2026-08-10T15:14:48.733447,5.17
CMP00122,12.98456,77.63692,Investment Fraud,Punjab National Bank,19300.0,I invested in a trading scheme promoted on social media that promised high returns. The platform is no longer accessible and I've lost my money.,2026-08-07T04:08:40.040171,2026-08-08T21:41:46.255767,"[""MULE-XB716945"", ""MULE-JU261093""]",1614366548,Citibank,12.9879409,77.5768491,2026-08-08T12:29:15.312094,6.52
CMP00123,13.019449,77.638713,UPI QR Scam,HDFC Bank,91600.0,"Someone posing as a buyer on an online marketplace asked me to scan a QR code to 'receive' payment. Instead, money was deducted from my HDFC Bank account.",2026-07-19T22:38:52.404852,2026-07-20T13:53:32.147306,"[""MULE-WI327845"", ""MULE-RT950528"", ""MULE-WK188510""]",946825830,ICICI Bank,12.9093013,77.614205,2026-07-20T23:37:41.781044,12.53
CMP00124,12.97606,77.619407,KYC Update Scam,SBI,30500.0,"I got a message saying my SBI KYC would expire unless I updated it via a link. After entering my details, money was withdrawn from my account.",2026-07-27T02:02:14.796051,2026-07-27T23:53:59.259375,"[""MULE-MT892879"", ""MULE-TL193409"", ""MULE-RO574031""]",5306746590,HDFC Bank,12.9495419,77.5798273,2026-07-28T18:02:58.962807,5.2
CMP00125,13.043658,77.617578,UPI QR Scam,HDFC Bank,28800.0,"Someone posing as a buyer on an online marketplace asked me to scan a QR code to 'receive' payment. Instead, money was deducted from my HDFC Bank account.",2026-08-14T12:41:42.164476,2026-08-15T13:09:40.043733,"[""MULE-MG616346"", ""MULE-YM248750"", ""MULE-HN079808""]",2387041069,Canara Bank,12.9437857,77.6236824,2026-08-15T01:56:33.071885,11.13
CMP00126,13.037691,77.608112,UPI QR Scam,SBI,25500.0,"Someone posing as a buyer on an online marketplace asked me to scan a QR code to 'receive' payment. Instead, money was deducted from my SBI account.",2026-08-02T05:06:45.243455,2026-08-03T19:06:03.048752,"[""MULE-UH522320"", ""MULE-VC232718""]",1085622347,Unknown ATM,13.0009914,77.6184047,2026-08-03T14:17:57.813429,4.23
CMP00127,12.937799,77.677735,KYC Update Scam,ICICI Bank,9400.0,"I got a message saying my ICICI Bank KYC would expire unless I updated it via a link. After entering my details, money was withdrawn from my account.",2026-07-25T00:16:53.008505,2026-07-25T16:36:57.916671,"[""MULE-HM719883"", ""MULE-WG499071"", ""MULE-XZ828346""]",1674647382,State Bank of India,12.9223393,77.5953285,2026-07-26T06:45:23.223110,9.09
CMP00128,12.99932,77.569343,Investment Fraud,HDFC Bank,102300.0,I invested in a trading scheme promoted on social media that promised high returns. The platform is no longer accessible and I've lost my money.,2026-07-25T12:55:23.078322,2026-07-26T04:07:41.581070,"[""MULE-EE096790"", ""MULE-LR948391""]",10047234517,Unknown ATM,12.9815781,77.6044787,2026-07-26T10:44:36.989398,4.29
CMP00129,13.010816,77.652812,KYC Update Scam,HDFC Bank,7700.0,"I got a message saying my HDFC Bank KYC would expire unless I updated it via a link. After entering my details, money was withdrawn from my account.",2026-07-28T08:50:49.469847,2026-07-29T16:01:59.714192,"[""MULE-YW440733"", ""MULE-KV491378"", ""MULE-NM872008""]",3389796914,Syndicate Bank,12.9466123,77.6218766,2026-07-29T08:37:48.512435,7.89
CMP00130,12.928801,77.699996,Fake Loan App,HDFC Bank,7500.0,I applied for a quick personal loan through an app I found online. After paying a 'processing fee' the app disappeared and my money is gone.,2026-07-31T04:14:31.988469,2026-07-31T18:47:32.437852,"[""MULE-YS813321"", ""MULE-NA126853"", ""MULE-LA492123"", ""MULE-TX436305""]",4272772790,Bandhan Bank,12.9783518,77.6352342,2026-08-01T19:20:35.758728,8.92
CMP00131,13.014946,77.569657,Job Fraud,ICICI Bank,31500.0,I was offered a work-from-home job and asked to pay a 'registration fee' via UPI. The recruiter stopped responding after I paid.,2026-07-31T20:21:59.788866,2026-08-01T04:34:24.062133,"[""MULE-GC908661"", ""MULE-EL775839""]",10009310319,Unknown ATM,12.9794922,77.6061321,2026-08-02T13:16:59.161437,5.58
CMP00132,12.954645,77.657938,Job Fraud,Bank of Baroda,4700.0,I was offered a work-from-home job and asked to pay a 'registration fee' via UPI. The recruiter stopped responding after I paid.,2026-07-29T14:36:48.841566,2026-07-31T02:51:07.730800,"[""MULE-SL366638"", ""MULE-WA880983""]",2287631057,Unknown ATM,12.9970313,77.6915828,2026-07-31T05:31:59.455913,5.96
CMP00133,12.970352,77.675267,UPI QR Scam,Canara Bank,19000.0,"Someone posing as a buyer on an online marketplace asked me to scan a QR code to 'receive' payment. Instead, money was deducted from my Canara Bank account.",2026-08-14T19:09:18.039908,2026-08-15T17:35:05.316221,"[""MULE-GK794875"", ""MULE-SJ679816"", ""MULE-QB607678"", ""MULE-QH100925""]",3402021336,Canara Bank,12.9300273,77.5842892,2026-08-15T12:59:21.925893,10.83
CMP00134,12.929955,77.6407,UPI QR Scam,SBI,43200.0,"Someone posing as a buyer on an online marketplace asked me to scan a QR code to 'receive' payment. Instead, money was deducted from my SBI account.",2026-07-25T00:14:07.401835,2026-07-26T07:11:29.017026,"[""MULE-TF543370"", ""MULE-UZ504393""]",4463113589,Canara Bank,12.9035208,77.5843442,2026-07-26T18:56:53.883927,6.78
CMP00135,12.918702,77.562581,Fake Loan App,Bank of Baroda,53400.0,I applied for a quick personal loan through an app I found online. After paying a 'processing fee' the app disappeared and my money is gone.,2026-07-28T09:27:46.911116,2026-07-29T07:18:20.497800,"[""MULE-TD765551"", ""MULE-VN675036""]",11292688562,Bank of India,12.9097143,77.6443014,2026-07-29T13:01:25.845091,8.91
CMP00136,12.967669,77.602438,OTP Phishing,Kotak Mahindra Bank,18100.0,I received a call from someone claiming to be a Kotak Mahindra Bank representative. They asked me to share the OTP for a 'card upgrade' and my account was debited immediately after.,2026-07-18T11:23:54.509424,2026-07-18T14:25:41.437130,"[""MULE-QK157903"", ""MULE-KB683471""]",2120456105,State Bank of India,12.9679017,77.5851515,2026-07-19T14:28:57.985166,1.87
CMP00137,13.039624,77.675876,Investment Fraud,Punjab National Bank,31300.0,I invested in a trading scheme promoted on social media that promised high returns. The platform is no longer accessible and I've lost my money.,2026-08-06T21:57:37.527731,2026-08-08T12:03:03.616740,"[""MULE-QC638852"", ""MULE-PK827539"", ""MULE-VO768162""]",3218746897,Corporation Bank,12.981859,77.6102799,2026-08-07T09:44:22.585395,9.58
CMP00138,13.00583,77.61729,OTP Phishing,HDFC Bank,29500.0,I received a call from someone claiming to be a HDFC Bank representative. They asked me to share the OTP for a 'card upgrade' and my account was debited immediately after.,2026-07-27T02:53:55.087420,2026-07-27T04:18:04.751740,"[""MULE-UR631281"", ""MULE-YH550059"", ""MULE-YX435709"", ""MULE-HG199329""]",1604968800,Corporation Bank,12.9236001,77.5879513,2026-07-27T17:57:22.084784,9.68
CMP00139,13.016426,77.585646,OTP Phishing,SBI,25600.0,I received a call from someone claiming to be a SBI representative. They asked me to share the OTP for a 'card upgrade' and my account was debited immediately after.,2026-08-15T07:34:02.268057,2026-08-15T19:23:35.423149,"[""MULE-MQ674896"", ""MULE-ZA561371""]",5193886868,HDFC Bank,12.9737319,77.6467726,2026-08-16T16:24:11.769962,8.15
CMP00140,12.977306,77.586291,Fake Loan App,Bank of Baroda,5100.0,I applied for a quick personal loan through an app I found online. After paying a 'processing fee' the app disappeared and my money is gone.,2026-07-28T23:53:16.456010,2026-07-29T20:46:36.306731,"[""MULE-JD947856"", ""MULE-ZD169577"", ""MULE-YA721340""]",2198198185,Citibank,12.9785979,77.6417142,2026-07-30T07:42:35.664926,6.01
CMP00141,12.978523,77.604091,KYC Update Scam,SBI,43500.0,"I got a message saying my SBI KYC would expire unless I updated it via a link. After entering my details, money was withdrawn from my account.",2026-07-26T07:27:38.446674,2026-07-27T02:30:26.034942,"[""MULE-WG260276"", ""MULE-HD578729"", ""MULE-LG091556""]",5175027881,ICICI Bank,12.9984849,77.5554044,2026-07-27T09:12:22.870492,5.72
CMP00142,13.009941,77.644239,KYC Update Scam,Punjab National Bank,18400.0,"I got a message saying my Punjab National Bank KYC would expire unless I updated it via a link. After entering my details, money was withdrawn from my account.",2026-08-12T10:59:28.058737,2026-08-12T17:49:41.098603,"[""MULE-UU664200"", ""MULE-AD985623"", ""MULE-LV899818"", ""MULE-WP582580""]",3342048735,Axis Bank,12.9978263,77.6097252,2026-08-13T07:47:15.674509,3.97
CMP00143,12.99476,77.671725,OTP Phishing,Canara Bank,14600.0,I received a call from someone claiming to be a Canara Bank representative. They asked me to share the OTP for a 'card upgrade' and my account was debited immediately after.,2026-07-27T05:23:22.669743,2026-07-27T07:38:46.897867,"[""MULE-IF778440"", ""MULE-DE522006""]",10688121234,Federal Bank,12.9263464,77.6167941,2026-07-27T19:51:23.227860,9.66
CMP00144,12.959734,77.672311,Job Fraud,Bank of Baroda,51300.0,I was offered a work-from-home job and asked to pay a 'registration fee' via UPI. The recruiter stopped responding after I paid.,2026-08-16T05:35:24.794310,2026-08-16T07:49:46.946243,"[""MULE-PF680501"", ""MULE-MN791867""]",2991986418,HDFC Bank,13.0039518,77.6573921,2026-08-17T14:45:36.149729,5.18
CMP00145,12.918671,77.605203,Job Fraud,Canara Bank,35200.0,I was offered a work-from-home job and asked to pay a 'registration fee' via UPI. The recruiter stopped responding after I paid.,2026-08-02T14:18:41.481584,2026-08-04T09:18:24.493221,"[""MULE-BR118415"", ""MULE-WP843675"", ""MULE-AV626235""]",12580943043,ICICI Bank,12.9155506,77.6674822,2026-08-03T12:33:02.170545,6.76
CMP00146,13.019594,77.590008,OTP Phishing,Kotak Mahindra Bank,15400.0,I received a call from someone claiming to be a Kotak Mahindra Bank representative. They asked me to share the OTP for a 'card upgrade' and my account was debited immediately after.,2026-08-14T16:37:39.676682,2026-08-14T20:52:36.194717,"[""MULE-QP718171"", ""MULE-RY329079"", ""MULE-SU811940"", ""MULE-PO008893""]",11219406681,Canara Bank,13.0206355,77.6436073,2026-08-15T23:55:50.615465,5.81
CMP00147,12.949188,77.594346,Job Fraud,Kotak Mahindra Bank,53200.0,I was offered a work-from-home job and asked to pay a 'registration fee' via UPI. The recruiter stopped responding after I paid.,2026-07-30T19:49:40.611178,2026-07-31T04:14:36.867201,"[""MULE-WL953000"", ""MULE-ZB080696"", ""MULE-BN168238"", ""MULE-OC143694""]",3826353778,Karnataka Bank,12.9666245,77.5919645,2026-07-31T20:28:19.558400,1.96
CMP00148,13.049723,77.591183,OTP Phishing,HDFC Bank,5400.0,I received a call from someone claiming to be a HDFC Bank representative. They asked me to share the OTP for a 'card upgrade' and my account was debited immediately after.,2026-08-05T02:51:50.989821,2026-08-06T11:14:43.434822,"[""MULE-JI338432"", ""MULE-NT511303"", ""MULE-CR646593"", ""MULE-OB121421""]",4449313889,HDFC Bank,13.0050034,77.6233355,2026-08-06T01:55:29.976825,6.07
CMP00149,13.017197,77.55522,OTP Phishing,Axis Bank,19500.0,I received a call from someone claiming to be a Axis Bank representative. They asked me to share the OTP for a 'card upgrade' and my account was debited immediately after.,2026-08-01T15:55:22.492390,2026-08-03T05:24:08.621260,"[""MULE-WU287212"", ""MULE-UH056205"", ""MULE-QN237098"", ""MULE-JZ436492""]",3394760961,HDFC ATM,12.9426929,77.6026966,2026-08-02T13:18:31.357524,9.75
CMP00150,12.966591,77.561533,Fake Loan App,Punjab National Bank,30200.0,I applied for a quick personal loan through an app I found online. After paying a 'processing fee' the app disappeared and my money is gone.,2026-08-14T09:03:19.854112,2026-08-15T04:27:43.675970,"[""MULE-FO606041"", ""MULE-TV582370""]",2249679251,HDFC Bank,12.9097644,77.6491755,2026-08-15T18:20:13.437502,11.41
CMP00151,12.917664,77.666245,Investment Fraud,Canara Bank,12900.0,I invested in a trading scheme promoted on social media that promised high returns. The platform is no longer accessible and I've lost my money.,2026-07-26T10:07:43.369701,2026-07-26T20:49:14.912448,"[""MULE-TC360920"", ""MULE-LW600598"", ""MULE-HO678763""]",6422580186,South Indian Bank,12.9861391,77.6463483,2026-07-27T17:49:39.199735,7.91
CMP00152,12.911108,77.575898,Investment Fraud,Canara Bank,53800.0,I invested in a trading scheme promoted on social media that promised high returns. The platform is no longer accessible and I've lost my money.,2026-08-01T20:29:29.021920,2026-08-03T20:21:40.893008,"[""MULE-PT021594"", ""MULE-IF237840"", ""MULE-LN409783""]",12466417389,Unknown ATM,12.9510222,77.5677852,2026-08-03T12:31:58.620536,4.52
CMP00153,12.9825,77.593554,UPI QR Scam,ICICI Bank,22400.0,"Someone posing as a buyer on an online marketplace asked me to scan a QR code to 'receive' payment. Instead, money was deducted from my ICICI Bank account.",2026-08-04T12:07:22.743673,2026-08-05T22:26:02.100458,"[""MULE-WV808700"", ""MULE-VH291340"", ""MULE-ND598659""]",5229456547,Unknown ATM,12.9934739,77.5713892,2026-08-06T09:04:14.201530,2.69
CMP00154,12.930147,77.570832,Job Fraud,SBI,7200.0,I was offered a work-from-home job and asked to pay a 'registration fee' via UPI. The recruiter stopped responding after I paid.,2026-07-23T06:01:22.498867,2026-07-23T23:39:55.804547,"[""MULE-XG802649"", ""MULE-EE158826"", ""MULE-YC762679"", ""MULE-HY886109""]",4101455701,Karnataka Bank,12.9789941,77.6416035,2026-07-24T12:03:30.842823,9.4
CMP00155,13.00754,77.6218,Job Fraud,Kotak Mahindra Bank,6400.0,I was offered a work-from-home job and asked to pay a 'registration fee' via UPI. The recruiter stopped responding after I paid.,2026-08-11T04:19:14.983694,2026-08-12T19:55:46.021010,"[""MULE-FL379380"", ""MULE-DU702460"", ""MULE-XW644663"", ""MULE-FS929391""]",12686350457,Unknown ATM,12.9836392,77.5855122,2026-08-11T13:25:06.091486,4.75
CMP00156,12.977604,77.56925,KYC Update Scam,ICICI Bank,63700.0,"I got a message saying my ICICI Bank KYC would expire unless I updated it via a link. After entering my details, money was withdrawn from my account.",2026-07-21T10:50:38.978399,2026-07-22T23:48:49.638387,"[""MULE-GK219728"", ""MULE-PO113826""]",4163019989,Unknown ATM,12.9733622,77.6753236,2026-07-21T22:15:48.761618,11.5
CMP00157,12.945619,77.574295,Investment Fraud,Axis Bank,7700.0,I invested in a trading scheme promoted on social media that promised high returns. The platform is no longer accessible and I've lost my money.,2026-07-21T02:51:56.033278,2026-07-21T19:48:05.980358,"[""MULE-IY567566"", ""MULE-SA559806""]",11684157871,Unknown ATM,12.9615359,77.6364148,2026-07-23T00:23:00.726384,6.96
CMP00158,12.982626,77.568776,UPI QR Scam,HDFC Bank,5700.0,"Someone posing as a buyer on an online marketplace asked me to scan a QR code to 'receive' payment. Instead, money was deducted from my HDFC Bank account.",2026-07-25T09:10:06.199131,2026-07-26T09:32:26.206882,"[""MULE-FK303383"", ""MULE-BJ346533""]",12048924775,Unknown ATM,12.9379782,77.5800181,2026-07-25T22:15:03.947475,5.11
CMP00159,13.0353,77.600643,KYC Update Scam,SBI,38900.0,"I got a message saying my SBI KYC would expire unless I updated it via a link. After entering my details, money was withdrawn from my account.",2026-08-06T05:50:43.483211,2026-08-07T21:32:38.884924,"[""MULE-WV807203"", ""MULE-PW069560"", ""MULE-EZ322838"", ""MULE-KU327281""]",663599408,Karnataka Bank,12.9686616,77.5875127,2026-08-06T13:02:13.554581,7.55
CMP00160,12.931621,77.635821,KYC Update Scam,SBI,19200.0,"I got a message saying my SBI KYC would expire unless I updated it via a link. After entering my details, money was withdrawn from my account.",2026-07-19T23:44:54.724495,2026-07-20T23:54:19.232778,"[""MULE-ZN795635"", ""MULE-UQ938110"", ""MULE-VT374919""]",2986412021,SBI ATM,12.9117262,77.5671334,2026-07-21T08:05:21.922852,7.77
CMP00161,13.002749,77.594615,OTP Phishing,SBI,28000.0,I received a call from someone claiming to be a SBI representative. They asked me to share the OTP for a 'card upgrade' and my account was debited immediately after.,2026-07-21T05:40:05.548295,2026-07-21T13:40:37.304735,"[""MULE-BM826748"", ""MULE-UG796901"", ""MULE-OK567442""]",4067004488,ICICI Bank,12.9744681,77.673175,2026-07-22T05:07:27.556323,9.07
CMP00162,13.007754,77.66013,UPI QR Scam,Kotak Mahindra Bank,14000.0,"Someone posing as a buyer on an online marketplace asked me to scan a QR code to 'receive' payment. Instead, money was deducted from my Kotak Mahindra Bank account.",2026-08-15T14:37:39.278963,2026-08-15T21:20:20.290878,"[""MULE-LR675402"", ""MULE-TD149652"", ""MULE-WO273514""]",4602971701,State Bank of India,12.9612841,77.6672062,2026-08-16T12:11:24.956908,5.22
CMP00163,12.967439,77.571132,OTP Phishing,Bank of Baroda,33600.0,I received a call from someone claiming to be a Bank of Baroda representative. They asked me to share the OTP for a 'card upgrade' and my account was debited immediately after.,2026-07-29T10:56:38.700311,2026-07-31T08:20:59.516963,"[""MULE-SX899515"", ""MULE-CG548965""]",3477797064,Bank of Baroda,12.9242311,77.6739044,2026-07-31T05:14:20.274486,12.13
CMP00164,12.923901,77.699395,Job Fraud,Canara Bank,28300.0,I was offered a work-from-home job and asked to pay a 'registration fee' via UPI. The recruiter stopped responding after I paid.,2026-07-30T09:11:30.623910,2026-08-01T03:26:52.562386,"[""MULE-SE239511"", ""MULE-KN880582"", ""MULE-YG574426""]",1470523369,Deutsche Bank,12.936209,77.6171253,2026-07-31T12:04:53.009195,9.02
CMP00165,12.932272,77.602934,OTP Phishing,Bank of Baroda,12400.0,I received a call from someone claiming to be a Bank of Baroda representative. They asked me to share the OTP for a 'card upgrade' and my account was debited immediately after.,2026-07-21T22:52:33.306442,2026-07-22T22:53:00.215245,"[""MULE-PY449662"", ""MULE-WX408178"", ""MULE-SB984101""]",5318002823,Vijaya Bank,12.9162768,77.6151034,2026-07-23T17:56:03.035269,2.21
CMP00166,12.960488,77.556786,OTP Phishing,Axis Bank,38800.0,I received a call from someone claiming to be a Axis Bank representative. They asked me to share the OTP for a 'card upgrade' and my account was debited immediately after.,2026-07-30T04:19:35.843451,2026-07-30T22:02:47.409137,"[""MULE-XW228811"", ""MULE-FO540848"", ""MULE-MU551380""]",3370455932,Axis Bank,12.9741296,77.6359555,2026-07-30T22:26:52.420043,8.71
CMP00167,13.048364,77.65206,OTP Phishing,ICICI Bank,25400.0,I received a call from someone claiming to be a ICICI Bank representative. They asked me to share the OTP for a 'card upgrade' and my account was debited immediately after.,2026-08-15T20:18:47.059995,2026-08-17T19:07:46.221431,"[""MULE-FF382648"", ""MULE-OX022101"", ""MULE-WI025014""]",10651895593,Canara Bank,12.9578892,77.6492318,2026-08-16T18:51:25.301360,10.06
CMP00168,12.92164,77.640369,Job Fraud,SBI,22800.0,I was offered a work-from-home job and asked to pay a 'registration fee' via UPI. The recruiter stopped responding after I paid.,2026-08-07T16:11:23.166385,2026-08-07T18:50:30.039657,"[""MULE-HS329007"", ""MULE-TK303854"", ""MULE-AV852395""]",3237630469,Bharatiya Mahila Bank,12.9669535,77.5869415,2026-08-08T03:56:43.066068,7.68
CMP00169,13.03397,77.570967,KYC Update Scam,Punjab National Bank,29500.0,"I got a message saying my Punjab National Bank KYC would expire unless I updated it via a link. After entering my details, money was withdrawn from my account.",2026-07-28T06:31:48.729048,2026-07-28T14:44:56.578893,"[""MULE-LP130505"", ""MULE-LV573901"", ""MULE-XU040166""]",8544017587,HDFC Bank,13.0298326,77.5534828,2026-07-30T06:08:09.828567,1.95
CMP00170,12.976457,77.623477,KYC Update Scam,Bank of Baroda,116800.0,"I got a message saying my Bank of Baroda KYC would expire unless I updated it via a link. After entering my details, money was withdrawn from my account.",2026-07-24T06:09:59.515320,2026-07-25T05:13:26.149920,"[""MULE-GG032096"", ""MULE-NC061446""]",3024935601,Unknown ATM,12.9165155,77.6162625,2026-07-24T12:51:55.022992,6.71
CMP00171,13.003207,77.553997,Job Fraud,Bank of Baroda,20700.0,I was offered a work-from-home job and asked to pay a 'registration fee' via UPI. The recruiter stopped responding after I paid.,2026-08-11T07:51:58.759515,2026-08-13T06:18:07.848560,"[""MULE-RW588165"", ""MULE-RK762839"", ""MULE-FZ243773"", ""MULE-XN854292""]",10009343717,Unknown ATM,12.9794328,77.6062662,2026-08-12T22:44:53.843019,6.25
CMP00172,13.008177,77.666191,Job Fraud,ICICI Bank,15700.0,I was offered a work-from-home job and asked to pay a 'registration fee' via UPI. The recruiter stopped responding after I paid.,2026-08-12T16:10:37.624285,2026-08-14T07:42:21.705068,"[""MULE-DK545959"", ""MULE-AI076016"", ""MULE-DA693225"", ""MULE-TX477067""]",4690233190,Unknown ATM,12.9812124,77.6369363,2026-08-13T08:20:57.744178,4.36
CMP00173,13.003575,77.611557,KYC Update Scam,Canara Bank,23500.0,"I got a message saying my Canara Bank KYC would expire unless I updated it via a link. After entering my details, money was withdrawn from my account.",2026-08-01T06:25:39.359029,2026-08-03T00:23:11.187253,"[""MULE-ZA075404"", ""MULE-NZ330636""]",1290044474,Unknown ATM,12.9955696,77.6017708,2026-08-02T19:19:57.954445,1.38
CMP00174,13.049718,77.621756,Job Fraud,Punjab National Bank,8200.0,I was offered a work-from-home job and asked to pay a 'registration fee' via UPI. The recruiter stopped responding after I paid.,2026-07-21T23:16:13.209879,2026-07-23T21:12:46.429045,"[""MULE-JJ343004"", ""MULE-JI398814"", ""MULE-UD349308"", ""MULE-OO322153""]",4528688851,State Bank of India,12.9974416,77.550126,2026-07-23T00:34:34.335920,9.7
CMP00175,13.008139,77.646496,Investment Fraud,Bank of Baroda,61200.0,I invested in a trading scheme promoted on social media that promised high returns. The platform is no longer accessible and I've lost my money.,2026-07-29T13:29:41.945175,2026-07-30T18:58:25.040368,"[""MULE-ON461678"", ""MULE-FB211679"", ""MULE-KM777876"", ""MULE-RH501551""]",2387041069,Canara Bank,12.9437857,77.6236824,2026-07-30T03:34:12.287548,7.57
CMP00176,12.97335,77.621971,KYC Update Scam,Bank of Baroda,42700.0,"I got a message saying my Bank of Baroda KYC would expire unless I updated it via a link. After entering my details, money was withdrawn from my account.",2026-08-17T09:33:15.278462,2026-08-17T23:43:27.261672,"[""MULE-PE608116"", ""MULE-RF205489"", ""MULE-UO997758""]",4456346090,Karnataka Bank,12.9074342,77.578346,2026-08-18T15:38:24.971208,8.72
CMP00177,12.943145,77.657121,UPI QR Scam,Canara Bank,9800.0,"Someone posing as a buyer on an online marketplace asked me to scan a QR code to 'receive' payment. Instead, money was deducted from my Canara Bank account.",2026-08-10T07:43:42.197531,2026-08-11T15:23:13.418175,"[""MULE-XN992270"", ""MULE-QU109310"", ""MULE-TI789864"", ""MULE-MX598689""]",2125939229,Unknown ATM,13.032436,77.6088298,2026-08-11T21:06:59.778688,11.22
CMP00178,12.940743,77.566384,Investment Fraud,Axis Bank,13900.0,I invested in a trading scheme promoted on social media that promised high returns. The platform is no longer accessible and I've lost my money.,2026-07-28T18:19:51.350334,2026-07-29T06:20:51.674902,"[""MULE-EP015478"", ""MULE-HX022362"", ""MULE-NQ228343"", ""MULE-XS679316""]",4443896277,HSBC,12.9703347,77.6093582,2026-07-30T04:27:50.245826,5.7
CMP00179,12.949544,77.620861,Investment Fraud,ICICI Bank,159200.0,I invested in a trading scheme promoted on social media that promised high returns. The platform is no longer accessible and I've lost my money.,2026-07-19T12:14:29.168994,2026-07-19T12:59:15.196330,"[""MULE-SY346511"", ""MULE-YE705556"", ""MULE-HU703453""]",12046492136,Unknown ATM,13.0184898,77.6433081,2026-07-20T17:21:22.476940,8.04
CMP00180,12.971355,77.647581,UPI QR Scam,Punjab National Bank,28200.0,"Someone posing as a buyer on an online marketplace asked me to scan a QR code to 'receive' payment. Instead, money was deducted from my Punjab National Bank account.",2026-08-14T04:49:42.367436,2026-08-14T18:53:08.390799,"[""MULE-SN059639"", ""MULE-VA177403"", ""MULE-PD239533"", ""MULE-LN257160""]",10047215818,Unknown ATM,12.9815678,77.6041512,2026-08-14T13:18:47.750476,4.84
CMP00181,13.008468,77.6905,Fake Loan App,Kotak Mahindra Bank,38000.0,I applied for a quick personal loan through an app I found online. After paying a 'processing fee' the app disappeared and my money is gone.,2026-07-18T21:00:40.813582,2026-07-20T15:25:04.703993,"[""MULE-LG505748"", ""MULE-WP193904"", ""MULE-RD058631""]",11915237669,Axis Bank,12.9832822,77.6100189,2026-07-19T10:23:40.066162,9.16
CMP00182,13.01235,77.680844,UPI QR Scam,SBI,25100.0,"Someone posing as a buyer on an online marketplace asked me to scan a QR code to 'receive' payment. Instead, money was deducted from my SBI account.",2026-08-10T20:02:37.977034,2026-08-10T20:59:02.662844,"[""MULE-ES082458"", ""MULE-TY221323"", ""MULE-WD139601""]",1470757461,IndusInd Bank,12.911884,77.6379067,2026-08-12T01:53:53.811576,12.1
CMP00183,13.040784,77.677659,Job Fraud,Bank of Baroda,49700.0,I was offered a work-from-home job and asked to pay a 'registration fee' via UPI. The recruiter stopped responding after I paid.,2026-07-20T02:57:21.132193,2026-07-20T12:36:51.881298,"[""MULE-YW364595"", ""MULE-DL907765"", ""MULE-OT578879""]",1758038060,ICICI Bank,12.9686424,77.6498752,2026-07-20T13:41:13.322459,8.57
CMP00184,12.902113,77.600567,UPI QR Scam,Axis Bank,22600.0,"Someone posing as a buyer on an online marketplace asked me to scan a QR code to 'receive' payment. Instead, money was deducted from my Axis Bank account.",2026-07-29T03:55:40.485940,2026-07-29T12:45:50.116206,"[""MULE-ZG996889"", ""MULE-OT427299"", ""MULE-AO953537""]",11684157871,Unknown ATM,12.9615359,77.6364148,2026-07-30T21:53:09.837386,7.67
CMP00185,13.000388,77.577717,Fake Loan App,Canara Bank,19700.0,I applied for a quick personal loan through an app I found online. After paying a 'processing fee' the app disappeared and my money is gone.,2026-07-26T01:33:32.849058,2026-07-26T17:25:48.734643,"[""MULE-AM363615"", ""MULE-QC536635""]",2387041069,Canara Bank,12.9437857,77.6236824,2026-07-26T17:58:37.568108,8.03
CMP00186,12.949444,77.637369,KYC Update Scam,SBI,9400.0,"I got a message saying my SBI KYC would expire unless I updated it via a link. After entering my details, money was withdrawn from my account.",2026-07-29T16:11:04.170419,2026-07-30T05:06:29.759208,"[""MULE-NF495660"", ""MULE-TL295524"", ""MULE-UZ571194"", ""MULE-YQ654203""]",2249048755,Citibank,12.9877059,77.5596356,2026-07-30T13:17:08.446512,9.44
CMP00187,12.960812,77.625378,Investment Fraud,Bank of Baroda,27600.0,I invested in a trading scheme promoted on social media that promised high returns. The platform is no longer accessible and I've lost my money.,2026-07-26T17:28:20.654009,2026-07-28T02:45:40.308548,"[""MULE-VL737902"", ""MULE-RA599983"", ""MULE-AU349402""]",12103968938,Unknown ATM,12.9989603,77.5808423,2026-07-28T02:17:53.806379,6.42
CMP00188,12.920035,77.572978,Investment Fraud,Punjab National Bank,78000.0,I invested in a trading scheme promoted on social media that promised high returns. The platform is no longer accessible and I've lost my money.,2026-08-03T03:01:19.345590,2026-08-03T23:16:28.945829,"[""MULE-IK138981"", ""MULE-EC517527"", ""MULE-MA889205"", ""MULE-KR423061""]",4101455701,Karnataka Bank,12.9789941,77.6416035,2026-08-04T08:05:23.603323,9.91
CMP00189,12.989372,77.668106,KYC Update Scam,Canara Bank,4900.0,"I got a message saying my Canara Bank KYC would expire unless I updated it via a link. After entering my details, money was withdrawn from my account.",2026-08-16T05:56:48.662983,2026-08-17T07:32:06.267200,"[""MULE-TN203536"", ""MULE-PI828955""]",11963070622,Unknown ATM,12.9536988,77.59234,2026-08-17T03:08:30.535104,9.12
CMP00190,12.975823,77.635905,Fake Loan App,ICICI Bank,42400.0,I applied for a quick personal loan through an app I found online. After paying a 'processing fee' the app disappeared and my money is gone.,2026-08-15T12:31:57.565919,2026-08-16T04:37:05.681973,"[""MULE-VO792739"", ""MULE-IG089287""]",1472104851,HDFC Bank,13.0342969,77.5759809,2026-08-16T16:23:13.206946,9.19
CMP00191,13.034833,77.616822,OTP Phishing,Canara Bank,16300.0,I received a call from someone claiming to be a Canara Bank representative. They asked me to share the OTP for a 'card upgrade' and my account was debited immediately after.,2026-07-27T06:36:29.784320,2026-07-27T13:22:32.266429,"[""MULE-CM602799"", ""MULE-YF880143"", ""MULE-AB494299"", ""MULE-UC834798""]",4691723493,Unknown ATM,12.9832075,77.6802595,2026-07-28T06:03:21.979885,8.95
CMP00192,13.008492,77.609392,OTP Phishing,Axis Bank,23600.0,I received a call from someone claiming to be a Axis Bank representative. They asked me to share the OTP for a 'card upgrade' and my account was debited immediately after.,2026-08-06T14:21:00.222315,2026-08-07T18:19:11.448640,"[""MULE-YS695017"", ""MULE-ZZ880072""]",3309380179,Axis Bank,12.9821515,77.6387449,2026-08-06T22:15:08.040487,4.32
CMP00193,13.034133,77.697921,Job Fraud,SBI,5500.0,I was offered a work-from-home job and asked to pay a 'registration fee' via UPI. The recruiter stopped responding after I paid.,2026-08-03T03:04:03.714249,2026-08-03T17:12:16.225127,"[""MULE-DQ989969"", ""MULE-FO951071"", ""MULE-WE754072"", ""MULE-VK565753""]",1580635077,State Bank of India,13.0234202,77.5508174,2026-08-03T16:37:36.890865,15.98
CMP00194,13.036015,77.606347,Investment Fraud,ICICI Bank,18200.0,I invested in a trading scheme promoted on social media that promised high returns. The platform is no longer accessible and I've lost my money.,2026-08-08T03:14:11.844725,2026-08-09T10:46:46.175555,"[""MULE-OU924614"", ""MULE-PI131282"", ""MULE-OU794644"", ""MULE-KE868485""]",1789726918,Unknown ATM,12.9604086,77.5633761,2026-08-08T23:50:34.651660,9.61
CMP00195,13.046809,77.675223,OTP Phishing,Bank of Baroda,42800.0,I received a call from someone claiming to be a Bank of Baroda representative. They asked me to share the OTP for a 'card upgrade' and my account was debited immediately after.,2026-07-31T14:00:40.569104,2026-08-01T12:30:14.236208,"[""MULE-JN148405"", ""MULE-OP912304"", ""MULE-SK837904""]",3885545494,HDFC Bank,12.998073,77.6282625,2026-08-02T02:12:47.578126,7.43
CMP00196,12.951924,77.591347,Investment Fraud,HDFC Bank,14300.0,I invested in a trading scheme promoted on social media that promised high returns. The platform is no longer accessible and I've lost my money.,2026-07-18T22:19:01.013037,2026-07-19T00:20:50.173887,"[""MULE-AZ519824"", ""MULE-KG344154""]",4920192051,Karnataka Bank,12.97771,77.5722474,2026-07-20T08:02:42.903130,3.54
CMP00197,12.989092,77.616966,Investment Fraud,SBI,5500.0,I invested in a trading scheme promoted on social media that promised high returns. The platform is no longer accessible and I've lost my money.,2026-08-09T07:39:14.052708,2026-08-09T19:46:43.592566,"[""MULE-VM159612"", ""MULE-HQ837168"", ""MULE-UO086043"", ""MULE-GE847295""]",3785906626,HDFC Bank,12.9975386,77.6552048,2026-08-09T15:30:42.646292,4.25
CMP00198,12.94339,77.672368,Investment Fraud,Punjab National Bank,15400.0,I invested in a trading scheme promoted on social media that promised high returns. The platform is no longer accessible and I've lost my money.,2026-08-15T19:32:39.409338,2026-08-16T23:28:27.602641,"[""MULE-VU109649"", ""MULE-WR659316""]",11242451203,Unknown ATM,12.9773243,77.6390025,2026-08-17T09:59:27.187065,5.23
CMP00199,12.999032,77.583156,UPI QR Scam,Bank of Baroda,30900.0,"Someone posing as a buyer on an online marketplace asked me to scan a QR code to 'receive' payment. Instead, money was deducted from my Bank of Baroda account.",2026-08-04T02:30:21.671715,2026-08-04T05:54:05.427660,"[""MULE-XC161687"", ""MULE-DB426315""]",11478107297,Unknown ATM,12.989156,77.5746098,2026-08-06T00:20:37.934275,1.44
CMP00200,12.974343,77.695844,Investment Fraud,Kotak Mahindra Bank,15100.0,I invested in a trading scheme promoted on social media that promised high returns. The platform is no longer accessible and I've lost my money.,2026-08-03T10:07:21.992997,2026-08-04T23:56:54.578910,"[""MULE-MU789661"", ""MULE-PI442893""]",3761463624,Kotak Mahindra Bank,12.9592189,77.6550673,2026-08-04T05:30:34.642943,4.73
CMP00201,12.980689,77.586145,Fake Loan App,Bank of Baroda,438100.0,I applied for a quick personal loan through an app I found online. After paying a 'processing fee' the app disappeared and my money is gone.,2026-08-13T10:19:39.342017,2026-08-15T03:33:38.893813,"[""MULE-BS452345"", ""MULE-ET324083""]",3881296872,HDFC Bank,13.0014136,77.628881,2026-08-13T22:23:25.326491,5.17
CMP00202,12.983593,77.570114,Fake Loan App,Bank of Baroda,11500.0,I applied for a quick personal loan through an app I found online. After paying a 'processing fee' the app disappeared and my money is gone.,2026-07-24T16:23:55.886116,2026-07-25T02:33:26.467469,"[""MULE-OS193880"", ""MULE-AS329682"", ""MULE-AB707785""]",11915213882,State Bank of India,12.9832825,77.6100382,2026-07-26T01:33:37.810870,4.33
CMP00203,13.001051,77.640438,OTP Phishing,Axis Bank,17300.0,I received a call from someone claiming to be a Axis Bank representative. They asked me to share the OTP for a 'card upgrade' and my account was debited immediately after.,2026-07-25T09:06:46.738255,2026-07-26T23:50:01.993907,"[""MULE-UK948973"", ""MULE-DS260959""]",6393846699,State Bank of India,12.9776551,77.6364842,2026-07-26T15:47:29.392006,2.64
CMP00204,12.949945,77.693553,OTP Phishing,Axis Bank,37100.0,I received a call from someone claiming to be a Axis Bank representative. They asked me to share the OTP for a 'card upgrade' and my account was debited immediately after.,2026-08-07T02:21:33.025038,2026-08-08T23:22:27.344546,"[""MULE-KX846426"", ""MULE-DC940618"", ""MULE-SU124352""]",1474220586,Citibank,12.9689844,77.6415777,2026-08-09T00:45:59.151523,6.02
CMP00205,12.9359,77.598242,UPI QR Scam,Kotak Mahindra Bank,22900.0,"Someone posing as a buyer on an online marketplace asked me to scan a QR code to 'receive' payment. Instead, money was deducted from my Kotak Mahindra Bank account.",2026-08-05T20:42:12.956758,2026-08-06T19:21:01.785563,"[""MULE-RE523780"", ""MULE-PJ791856"", ""MULE-EQ010625""]",3010283558,ICICI Bank,12.9651176,77.5897462,2026-08-07T05:56:59.623365,3.38
CMP00206,12.914791,77.697198,Job Fraud,Punjab National Bank,35000.0,I was offered a work-from-home job and asked to pay a 'registration fee' via UPI. The recruiter stopped responding after I paid.,2026-08-01T21:54:27.892409,2026-08-03T17:50:18.407720,"[""MULE-JM796487"", ""MULE-WM091936"", ""MULE-LM236394"", ""MULE-SG101195""]",3760133043,Yes Bank,12.9729167,77.6172137,2026-08-02T19:28:38.476529,10.81
CMP00207,12.944279,77.579429,Fake Loan App,Kotak Mahindra Bank,7600.0,I applied for a quick personal loan through an app I found online. After paying a 'processing fee' the app disappeared and my money is gone.,2026-07-22T05:34:21.030489,2026-07-23T09:08:15.037161,"[""MULE-YK642506"", ""MULE-WY235439"", ""MULE-OY583767"", ""MULE-VS196978""]",4463113589,Canara Bank,12.9035208,77.5843442,2026-07-22T21:53:35.408965,4.56
CMP00208,12.973293,77.658534,Investment Fraud,Canara Bank,42800.0,I invested in a trading scheme promoted on social media that promised high returns. The platform is no longer accessible and I've lost my money.,2026-08-15T20:04:08.455235,2026-08-16T18:27:30.213970,"[""MULE-XN487575"", ""MULE-QC623009""]",3342051067,Bank of Baroda,12.997797,77.6096526,2026-08-17T08:50:43.617473,5.96
CMP00209,13.037535,77.631321,Investment Fraud,SBI,4800.0,I invested in a trading scheme promoted on social media that promised high returns. The platform is no longer accessible and I've lost my money.,2026-07-23T01:55:21.924483,2026-07-24T03:18:36.419517,"[""MULE-ZL336857"", ""MULE-DC060032"", ""MULE-AB398879"", ""MULE-XM648744""]",1331929318,Unknown ATM,12.9083281,77.5639541,2026-07-24T19:09:49.080715,16.12
CMP00210,12.910195,77.572654,Fake Loan App,Canara Bank,19200.0,I applied for a quick personal loan through an app I found online. After paying a 'processing fee' the app disappeared and my money is gone.,2026-08-06T13:29:29.143780,2026-08-07T07:43:06.462229,"[""MULE-ZU479161"", ""MULE-GK998239"", ""MULE-KZ927653"", ""MULE-GE280345""]",5624262720,NKGSB Bank,12.9885991,77.555898,2026-08-07T21:26:25.831445,8.91
CMP00211,13.008329,77.630361,UPI QR Scam,SBI,11300.0,"Someone posing as a buyer on an online marketplace asked me to scan a QR code to 'receive' payment. Instead, money was deducted from my SBI account.",2026-08-03T04:55:18.394568,2026-08-04T05:16:37.336082,"[""MULE-CI495930"", ""MULE-ZH434522""]",3826359079,Canara Bank,12.9659821,77.5926315,2026-08-04T16:13:54.686892,6.24
CMP00212,12.978968,77.672282,UPI QR Scam,Kotak Mahindra Bank,142600.0,"Someone posing as a buyer on an online marketplace asked me to scan a QR code to 'receive' payment. Instead, money was deducted from my Kotak Mahindra Bank account.",2026-07-28T23:36:47.038271,2026-07-29T03:51:59.328963,"[""MULE-PM846999"", ""MULE-KF163835""]",4063568050,Karur Vysya Bank,12.9450345,77.6289388,2026-07-30T21:54:12.864746,6.02
CMP00213,12.99806,77.678733,OTP Phishing,HDFC Bank,22000.0,I received a call from someone claiming to be a HDFC Bank representative. They asked me to share the OTP for a 'card upgrade' and my account was debited immediately after.,2026-07-30T00:06:12.544863,2026-07-30T19:51:15.133839,"[""MULE-PC967076"", ""MULE-GT314620"", ""MULE-KN729850"", ""MULE-AX897477""]",4163019989,Unknown ATM,12.9733622,77.6753236,2026-07-30T21:56:40.583618,2.77
CMP00214,13.017656,77.634878,OTP Phishing,SBI,21200.0,I received a call from someone claiming to be a SBI representative. They asked me to share the OTP for a 'card upgrade' and my account was debited immediately after.,2026-07-31T16:23:31.608087,2026-08-01T03:48:21.679091,"[""MULE-SU088321"", ""MULE-AP070714"", ""MULE-HI954743"", ""MULE-RO897771""]",7147351713,South Indian Bank,12.9717261,77.6813586,2026-08-02T12:14:44.079492,7.17
CMP00215,12.911152,77.688838,KYC Update Scam,SBI,37900.0,"I got a message saying my SBI KYC would expire unless I updated it via a link. After entering my details, money was withdrawn from my account.",2026-07-21T19:54:51.694816,2026-07-22T04:56:01.314867,"[""MULE-DH855547"", ""MULE-DP272409""]",454135246,Syndicate Bank,13.0217371,77.6370282,2026-07-23T13:37:56.347952,13.52
CMP00216,13.006907,77.609744,OTP Phishing,Bank of Baroda,39900.0,I received a call from someone claiming to be a Bank of Baroda representative. They asked me to share the OTP for a 'card upgrade' and my account was debited immediately after.,2026-07-21T10:18:34.425323,2026-07-21T18:31:33.418195,"[""MULE-WJ701978"", ""MULE-PS095853"", ""MULE-HD141423""]",11295513143,Unknown ATM,12.93639,77.6160951,2026-07-22T02:24:33.821102,7.87
CMP00217,12.957577,77.660962,Investment Fraud,HDFC Bank,14100.0,I invested in a trading scheme promoted on social media that promised high returns. The platform is no longer accessible and I've lost my money.,2026-07-22T05:50:48.512999,2026-07-23T06:08:04.090629,"[""MULE-TU264711"", ""MULE-CH660367"", ""MULE-MV752445""]",1212309366,IDBI Bank,12.9713009,77.6347274,2026-07-24T04:46:06.200107,3.23
CMP00218,12.990775,77.64208,KYC Update Scam,Kotak Mahindra Bank,21500.0,"I got a message saying my Kotak Mahindra Bank KYC would expire unless I updated it via a link. After entering my details, money was withdrawn from my account.",2026-08-14T22:02:08.238899,2026-08-16T20:33:33.649050,"[""MULE-RZ442768"", ""MULE-RB526584"", ""MULE-RZ627599""]",5261484918,State Bank of India,12.9743591,77.5711607,2026-08-15T17:44:36.387922,7.9
CMP00219,13.041171,77.614777,Investment Fraud,Kotak Mahindra Bank,9000.0,I invested in a trading scheme promoted on social media that promised high returns. The platform is no longer accessible and I've lost my money.,2026-08-13T08:58:11.803502,2026-08-13T13:32:25.497618,"[""MULE-JC579974"", ""MULE-WB549576"", ""MULE-LA011182"", ""MULE-LG887053""]",10703105217,IndusInd Bank,13.0005386,77.6766013,2026-08-14T16:57:06.526109,8.08
CMP00220,12.957,77.667584,Fake Loan App,Kotak Mahindra Bank,15400.0,I applied for a quick personal loan through an app I found online. After paying a 'processing fee' the app disappeared and my money is gone.,2026-08-14T21:32:40.561684,2026-08-15T13:05:12.538789,"[""MULE-KH646020"", ""MULE-RK570964"", ""MULE-AB635695""]",312509585,Axis Bank,12.9601353,77.6431187,2026-08-15T08:01:11.060442,2.67
CMP00221,12.915335,77.563095,Job Fraud,Canara Bank,17200.0,I was offered a work-from-home job and asked to pay a 'registration fee' via UPI. The recruiter stopped responding after I paid.,2026-07-23T08:19:11.951142,2026-07-24T11:16:36.391652,"[""MULE-UG281625"", ""MULE-SU468736""]",1470757461,IndusInd Bank,12.911884,77.6379067,2026-07-24T11:50:33.007422,8.12
CMP00222,12.989707,77.598665,Job Fraud,SBI,25200.0,I was offered a work-from-home job and asked to pay a 'registration fee' via UPI. The recruiter stopped responding after I paid.,2026-07-21T11:23:59.358083,2026-07-22T01:45:45.255155,"[""MULE-QJ707293"", ""MULE-SI373979"", ""MULE-MW307850"", ""MULE-XE207763""]",1465177404,HDFC Bank,12.9373618,77.6244338,2026-07-22T09:41:14.651461,6.46
CMP00223,12.95711,77.570826,UPI QR Scam,Bank of Baroda,5300.0,"Someone posing as a buyer on an online marketplace asked me to scan a QR code to 'receive' payment. Instead, money was deducted from my Bank of Baroda account.",2026-08-09T21:38:47.417320,2026-08-10T21:34:11.611438,"[""MULE-ID931018"", ""MULE-KV555328"", ""MULE-WZ869843""]",3760133043,Yes Bank,12.9729167,77.6172137,2026-08-10T06:18:13.410442,5.33
CMP00224,12.954169,77.691633,Investment Fraud,Canara Bank,6200.0,I invested in a trading scheme promoted on social media that promised high returns. The platform is no longer accessible and I've lost my money.,2026-07-24T22:51:21.491398,2026-07-26T03:33:42.385463,"[""MULE-NF315860"", ""MULE-AH068033"", ""MULE-PN534892""]",1473180303,Citibank,13.0363059,77.5748837,2026-07-25T13:04:08.383000,15.6
CMP00225,13.026242,77.606983,UPI QR Scam,Canara Bank,9600.0,"Someone posing as a buyer on an online marketplace asked me to scan a QR code to 'receive' payment. Instead, money was deducted from my Canara Bank account.",2026-07-21T13:15:25.710204,2026-07-22T05:39:25.604465,"[""MULE-NC596925"", ""MULE-LJ715315"", ""MULE-GV067115"", ""MULE-AZ287621""]",11420450121,Kotak Mahindra Bank ATM,12.9783605,77.6353351,2026-07-23T05:30:25.601268,6.15
CMP00226,13.042092,77.580128,UPI QR Scam,ICICI Bank,42000.0,"Someone posing as a buyer on an online marketplace asked me to scan a QR code to 'receive' payment. Instead, money was deducted from my ICICI Bank account.",2026-07-31T08:12:46.124661,2026-08-02T06:31:48.385210,"[""MULE-VW677720"", ""MULE-VG185600"", ""MULE-XW939140"", ""MULE-LG084768""]",3019539372,Axis Bank,12.9659423,77.5925731,2026-08-02T06:53:57.378189,8.57
CMP00227,12.942045,77.66788,UPI QR Scam,HDFC Bank,41100.0,"Someone posing as a buyer on an online marketplace asked me to scan a QR code to 'receive' payment. Instead, money was deducted from my HDFC Bank account.",2026-08-13T06:01:28.144745,2026-08-15T02:47:51.627838,"[""MULE-AD565199"", ""MULE-TW140859""]",13735348310,Unknown ATM,12.9901319,77.6872047,2026-08-13T20:24:57.912110,5.74
CMP00228,13.042951,77.619243,Investment Fraud,Axis Bank,30000.0,I invested in a trading scheme promoted on social media that promised high returns. The platform is no longer accessible and I've lost my money.,2026-08-15T12:24:10.162451,2026-08-16T09:43:45.959638,"[""MULE-IA527990"", ""MULE-QX393317"", ""MULE-YF799077""]",7215440234,ICICI Bank,13.000224,77.5507146,2026-08-16T06:38:19.441098,8.81
CMP00229,12.945425,77.587902,Fake Loan App,Kotak Mahindra Bank,28900.0,I applied for a quick personal loan through an app I found online. After paying a 'processing fee' the app disappeared and my money is gone.,2026-08-13T09:44:55.408428,2026-08-14T23:43:47.534939,"[""MULE-XM414118"", ""MULE-RT359530"", ""MULE-SX764277""]",13354969819,Unknown ATM,12.9533147,77.5713042,2026-08-13T18:51:18.936928,2.0
CMP00230,13.038524,77.680445,Job Fraud,SBI,119600.0,I was offered a work-from-home job and asked to pay a 'registration fee' via UPI. The recruiter stopped responding after I paid.,2026-08-05T19:56:28.472587,2026-08-07T10:00:01.749402,"[""MULE-NJ254094"", ""MULE-UV009592"", ""MULE-TP684179"", ""MULE-DL796630""]",11708674465,Unknown ATM,12.978571,77.6292671,2026-08-06T17:02:29.331931,8.67
CMP00231,12.916405,77.587235,Investment Fraud,Punjab National Bank,34800.0,I invested in a trading scheme promoted on social media that promised high returns. The platform is no longer accessible and I've lost my money.,2026-07-29T09:34:22.207574,2026-07-29T17:58:26.089925,"[""MULE-JV723918"", ""MULE-IU713921"", ""MULE-BY629485"", ""MULE-BN642279""]",4545893490,Union Bank of India,12.924386,77.6000893,2026-07-30T17:18:19.106404,1.65
CMP00232,13.012902,77.694858,Job Fraud,HDFC Bank,29300.0,I was offered a work-from-home job and asked to pay a 'registration fee' via UPI. The recruiter stopped responding after I paid.,2026-08-03T22:20:42.017152,2026-08-03T23:20:45.686298,"[""MULE-PC296509"", ""MULE-NN213857"", ""MULE-PM205302"", ""MULE-QB339719""]",4386506503,Unknown ATM,13.0267483,77.6041132,2026-08-04T15:12:43.258757,9.95
CMP00233,12.933155,77.606118,Job Fraud,ICICI Bank,146600.0,I was offered a work-from-home job and asked to pay a 'registration fee' via UPI. The recruiter stopped responding after I paid.,2026-07-25T03:42:54.463611,2026-07-25T20:36:03.886891,"[""MULE-CA652429"", ""MULE-JS863512"", ""MULE-ZE806161""]",1470757461,IndusInd Bank,12.911884,77.6379067,2026-07-25T10:44:48.336748,4.18
CMP00234,12.952249,77.60146,Fake Loan App,Canara Bank,14800.0,I applied for a quick personal loan through an app I found online. After paying a 'processing fee' the app disappeared and my money is gone.,2026-08-09T21:33:42.968998,2026-08-10T14:36:22.319723,"[""MULE-FD308671"", ""MULE-CN931170"", ""MULE-EQ398789""]",7302387904,Canara Bank,13.0387041,77.5905431,2026-08-10T07:39:43.571304,9.69
CMP00235,13.021528,77.567263,UPI QR Scam,HDFC Bank,23300.0,"Someone posing as a buyer on an online marketplace asked me to scan a QR code to 'receive' payment. Instead, money was deducted from my HDFC Bank account.",2026-07-28T18:54:00.501576,2026-07-30T03:33:51.327500,"[""MULE-HI085115"", ""MULE-EC627529""]",12946230096,HDFC ATM,12.9209127,77.6336572,2026-07-29T07:48:10.840415,13.3
CMP00236,12.949648,77.613955,Job Fraud,Axis Bank,19800.0,I was offered a work-from-home job and asked to pay a 'registration fee' via UPI. The recruiter stopped responding after I paid.,2026-07-29T14:53:33.179000,2026-07-31T05:17:09.418800,"[""MULE-PK568391"", ""MULE-ZM581828"", ""MULE-ZZ557483"", ""MULE-YF444010""]",1791991192,Unknown ATM,12.9557511,77.567272,2026-07-30T23:20:32.939214,5.1
CMP00237,12.992116,77.579599,KYC Update Scam,Kotak Mahindra Bank,10800.0,"I got a message saying my Kotak Mahindra Bank KYC would expire unless I updated it via a link. After entering my details, money was withdrawn from my account.",2026-07-19T01:46:27.820641,2026-07-19T20:44:38.739082,"[""MULE-IO761181"", ""MULE-GE560615"", ""MULE-BD277517"", ""MULE-VW499975""]",1796628970,HDFC Bank,12.9439251,77.5643566,2026-07-20T13:22:23.845774,5.61
CMP00238,12.968633,77.589353,Job Fraud,Punjab National Bank,14500.0,I was offered a work-from-home job and asked to pay a 'registration fee' via UPI. The recruiter stopped responding after I paid.,2026-08-11T06:05:43.962879,2026-08-12T10:57:05.974686,"[""MULE-XB798040"", ""MULE-VE209165"", ""MULE-QO957168""]",4686164290,Unknown ATM,12.9853409,77.6678905,2026-08-12T13:46:13.796155,8.71
CMP00239,12.925879,77.651038,UPI QR Scam,HDFC Bank,4500.0,"Someone posing as a buyer on an online marketplace asked me to scan a QR code to 'receive' payment. Instead, money was deducted from my HDFC Bank account.",2026-08-11T07:18:10.204508,2026-08-12T15:43:41.028482,"[""MULE-LE440808"", ""MULE-YA992027""]",2387041695,Unknown ATM,12.9043833,77.6455159,2026-08-12T02:27:23.889132,2.46
CMP00240,12.976624,77.612736,Fake Loan App,Kotak Mahindra Bank,10700.0,I applied for a quick personal loan through an app I found online. After paying a 'processing fee' the app disappeared and my money is gone.,2026-08-09T10:58:36.535070,2026-08-10T07:34:16.166805,"[""MULE-VS063055"", ""MULE-OJ676811"", ""MULE-CI336646"", ""MULE-HM059109""]",4445109845,Punjab National Bank ATM,12.9460433,77.6466659,2026-08-10T13:25:01.071683,5.01
CMP00241,12.928065,77.676298,KYC Update Scam,SBI,22400.0,"I got a message saying my SBI KYC would expire unless I updated it via a link. After entering my details, money was withdrawn from my account.",2026-08-12T15:00:18.462755,2026-08-14T08:37:02.764231,"[""MULE-IM718600"", ""MULE-QK762441""]",4163019989,Unknown ATM,12.9733622,77.6753236,2026-08-14T12:58:56.965669,5.04
CMP00242,13.002705,77.612345,Job Fraud,Canara Bank,14100.0,I was offered a work-from-home job and asked to pay a 'registration fee' via UPI. The recruiter stopped responding after I paid.,2026-07-22T06:16:44.260786,2026-07-22T14:43:24.607136,"[""MULE-WM681517"", ""MULE-LX550290""]",10651895593,Canara Bank,12.9578892,77.6492318,2026-07-23T12:01:32.408032,6.39
CMP00243,12.980641,77.575231,Job Fraud,Canara Bank,48500.0,I was offered a work-from-home job and asked to pay a 'registration fee' via UPI. The recruiter stopped responding after I paid.,2026-07-21T03:24:03.832628,2026-07-22T06:00:47.010184,"[""MULE-PP259338"", ""MULE-UU935894"", ""MULE-ZJ485735"", ""MULE-CC682842""]",1472104851,HDFC Bank,13.0342969,77.5759809,2026-07-21T14:09:21.335116,5.97
CMP00244,13.023392,77.556242,Investment Fraud,Canara Bank,38300.0,I invested in a trading scheme promoted on social media that promised high returns. The platform is no longer accessible and I've lost my money.,2026-07-25T18:08:37.157386,2026-07-26T20:35:43.567363,"[""MULE-VA114343"", ""MULE-UM544774"", ""MULE-PJ126103"", ""MULE-SD634884""]",1468032550,Punjab National Bank,12.9805966,77.6074314,2026-07-27T17:42:51.247441,7.31
CMP00245,13.049897,77.61746,UPI QR Scam,HDFC Bank,4000.0,"Someone posing as a buyer on an online marketplace asked me to scan a QR code to 'receive' payment. Instead, money was deducted from my HDFC Bank account.",2026-08-01T20:06:29.555400,2026-08-02T17:27:50.508879,"[""MULE-VA515285"", ""MULE-RZ150411""]",10047222717,Unknown ATM,12.9804168,77.6043594,2026-08-03T19:51:15.957269,7.86
CMP00246,13.00337,77.679157,KYC Update Scam,Kotak Mahindra Bank,66000.0,"I got a message saying my Kotak Mahindra Bank KYC would expire unless I updated it via a link. After entering my details, money was withdrawn from my account.",2026-08-02T23:59:09.290093,2026-08-03T08:22:12.146718,"[""MULE-XC217604"", ""MULE-NZ853673""]",2198198185,Citibank,12.9785979,77.6417142,2026-08-03T11:50:01.616941,4.9
CMP00247,12.979842,77.639529,Fake Loan App,Punjab National Bank,5800.0,I applied for a quick personal loan through an app I found online. After paying a 'processing fee' the app disappeared and my money is gone.,2026-07-23T23:20:42.782031,2026-07-25T22:20:51.808776,"[""MULE-QE426304"", ""MULE-DT681250"", ""MULE-DQ648686"", ""MULE-JC368476""]",4685192097,Unknown ATM,12.9854091,77.6734083,2026-07-24T17:38:09.148357,3.72
CMP00248,13.024272,77.664221,Investment Fraud,Kotak Mahindra Bank,17900.0,I invested in a trading scheme promoted on social media that promised high returns. The platform is no longer accessible and I've lost my money.,2026-08-04T08:15:50.332819,2026-08-05T08:00:47.774951,"[""MULE-XK913717"", ""MULE-FA362189"", ""MULE-IR989067""]",2927776238,South Indian Bank,12.9297035,77.5859202,2026-08-05T14:30:57.072850,13.51
CMP00249,13.01919,77.665333,Job Fraud,Bank of Baroda,107300.0,I was offered a work-from-home job and asked to pay a 'registration fee' via UPI. The recruiter stopped responding after I paid.,2026-07-27T06:17:53.358857,2026-07-28T15:47:47.677146,"[""MULE-AQ561758"", ""MULE-VR676291"", ""MULE-LD637423""]",4101957736,Unknown ATM,12.9793201,77.6442365,2026-07-29T01:08:43.743210,4.99
CMP00250,13.00964,77.618767,Investment Fraud,Punjab National Bank,59400.0,I invested in a trading scheme promoted on social media that promised high returns. The platform is no longer accessible and I've lost my money.,2026-08-07T10:46:23.083833,2026-08-09T03:39:11.250837,"[""MULE-NQ783715"", ""MULE-UA792720"", ""MULE-II676117""]",3556133795,Kotak Mahindra Bank,12.9783815,77.6354826,2026-08-09T02:11:29.586342,3.92
CMP00251,12.94843,77.592539,KYC Update Scam,ICICI Bank,72600.0,"I got a message saying my ICICI Bank KYC would expire unless I updated it via a link. After entering my details, money was withdrawn from my account.",2026-08-10T11:36:59.599018,2026-08-11T15:00:29.899985,"[""MULE-KM038354"", ""MULE-SX013835"", ""MULE-WH615218"", ""MULE-JM254834""]",3218746897,Corporation Bank,12.981859,77.6102799,2026-08-11T14:00:02.690104,4.18
CMP00252,12.902442,77.689415,Fake Loan App,Canara Bank,2000,I applied for a quick personal loan through an app I found online. After paying a 'processing fee' the app disappeared and my money is gone.,2026-08-17T05:40:40.965533,2026-08-18T03:51:45.566784,"[""MULE-ZD174718"", ""MULE-FL245586"", ""MULE-NJ432925"", ""MULE-QJ332580""]",3761463624,Kotak Mahindra Bank,12.9592189,77.6550673,2026-08-19T05:20:06.907243,7.33
CMP00253,13.031489,77.564001,UPI QR Scam,Bank of Baroda,17500.0,"Someone posing as a buyer on an online marketplace asked me to scan a QR code to 'receive' payment. Instead, money was deducted from my Bank of Baroda account.",2026-07-20T09:48:06.433327,2026-07-20T14:13:00.344078,"[""MULE-DE186151"", ""MULE-VG469952""]",5623550269,Canara Bank,12.9876052,77.5558577,2026-07-21T19:42:40.165613,4.96
CMP00254,13.004916,77.585122,Investment Fraud,HDFC Bank,29800.0,I invested in a trading scheme promoted on social media that promised high returns. The platform is no longer accessible and I've lost my money.,2026-08-08T04:35:29.357161,2026-08-09T14:31:01.721961,"[""MULE-UW726965"", ""MULE-XU419236""]",4130960194,Unknown ATM,12.9644277,77.5553928,2026-08-08T10:38:13.606279,5.54
CMP00255,12.96676,77.551209,UPI QR Scam,HDFC Bank,13900.0,"Someone posing as a buyer on an online marketplace asked me to scan a QR code to 'receive' payment. Instead, money was deducted from my HDFC Bank account.",2026-08-10T15:46:32.802579,2026-08-12T15:12:47.292097,"[""MULE-PP981564"", ""MULE-DT122996""]",1474001857,ICICI Bank,12.973051,77.6110437,2026-08-11T15:30:46.669366,6.52
CMP00256,13.020894,77.56548,UPI QR Scam,Bank of Baroda,43300.0,"Someone posing as a buyer on an online marketplace asked me to scan a QR code to 'receive' payment. Instead, money was deducted from my Bank of Baroda account.",2026-08-13T00:52:16.271200,2026-08-13T07:53:05.380601,"[""MULE-QN110771"", ""MULE-VA975409""]",9165273184,IndusInd Bank,12.9136456,77.6073952,2026-08-14T15:21:23.496328,12.76
CMP00257,12.910262,77.634494,KYC Update Scam,ICICI Bank,119200.0,"I got a message saying my ICICI Bank KYC would expire unless I updated it via a link. After entering my details, money was withdrawn from my account.",2026-08-10T23:29:56.953682,2026-08-11T20:54:13.954635,"[""MULE-GN219954"", ""MULE-DB826819""]",4966811521,Unknown ATM,12.9192929,77.5926382,2026-08-12T11:50:28.676068,4.65
CMP00258,12.966358,77.582587,OTP Phishing,ICICI Bank,15800.0,I received a call from someone claiming to be a ICICI Bank representative. They asked me to share the OTP for a 'card upgrade' and my account was debited immediately after.,2026-07-27T21:13:25.869433,2026-07-29T09:27:54.074993,"[""MULE-TL146307"", ""MULE-VZ761900"", ""MULE-VS514029""]",3347894592,Karnataka Bank Ltd,12.9299967,77.6765388,2026-07-29T03:59:09.445799,10.95
CMP00259,12.941545,77.562637,KYC Update Scam,Bank of Baroda,45700.0,"I got a message saying my Bank of Baroda KYC would expire unless I updated it via a link. After entering my details, money was withdrawn from my account.",2026-07-18T16:44:03.306360,2026-07-20T06:14:07.116940,"[""MULE-MM598709"", ""MULE-UM831296"", ""MULE-AF074189"", ""MULE-SK106212""]",11302751565,Unknown ATM,12.9177118,77.5996743,2026-07-20T03:44:03.288902,4.81
CMP00260,12.991039,77.578297,Job Fraud,Bank of Baroda,21800.0,I was offered a work-from-home job and asked to pay a 'registration fee' via UPI. The recruiter stopped responding after I paid.,2026-08-05T03:52:05.689993,2026-08-06T11:03:40.721457,"[""MULE-TD180964"", ""MULE-WB751026""]",10183518534,Unknown ATM,12.9976491,77.5598998,2026-08-06T18:47:16.491849,2.12
CMP00261,12.974937,77.639089,KYC Update Scam,SBI,16800.0,"I got a message saying my SBI KYC would expire unless I updated it via a link. After entering my details, money was withdrawn from my account.",2026-07-22T03:12:56.949413,2026-07-24T02:35:33.862529,"[""MULE-TX108803"", ""MULE-MT806371"", ""MULE-YM860297"", ""MULE-SE197698""]",1474299627,Unknown ATM,12.9161449,77.6054538,2026-07-24T00:26:26.318946,7.48
CMP00262,12.925916,77.620652,OTP Phishing,SBI,69600.0,I received a call from someone claiming to be a SBI representative. They asked me to share the OTP for a 'card upgrade' and my account was debited immediately after.,2026-08-16T23:04:57.356132,2026-08-18T03:28:56.514106,"[""MULE-CA067944"", ""MULE-PV855784""]",2016220426,Canara Bank,12.9799118,77.5541722,2026-08-17T05:39:42.922102,9.38
CMP00263,12.942973,77.656894,Job Fraud,Kotak Mahindra Bank,11500.0,I was offered a work-from-home job and asked to pay a 'registration fee' via UPI. The recruiter stopped responding after I paid.,2026-08-12T10:57:56.175461,2026-08-13T20:48:05.794666,"[""MULE-CZ531364"", ""MULE-LU964561"", ""MULE-HH879331"", ""MULE-DE255944""]",4443896277,HSBC,12.9703347,77.6093582,2026-08-12T20:25:39.260624,5.98
CMP00264,13.014484,77.647476,Investment Fraud,HDFC Bank,18300.0,I invested in a trading scheme promoted on social media that promised high returns. The platform is no longer accessible and I've lost my money.,2026-07-21T09:30:02.641659,2026-07-22T00:44:01.625030,"[""MULE-SV482322"", ""MULE-UP378269""]",12161830093,Punjab & Sind Bank,12.9204166,77.5972503,2026-07-22T09:52:30.531368,11.79
CMP00265,12.991325,77.596394,Investment Fraud,ICICI Bank,21800.0,I invested in a trading scheme promoted on social media that promised high returns. The platform is no longer accessible and I've lost my money.,2026-07-24T10:30:15.883380,2026-07-24T16:40:40.637561,"[""MULE-MZ546323"", ""MULE-OF733182""]",7051951386,Federal Bank,12.9722597,77.6795798,2026-07-25T22:14:10.455176,9.26
CMP00266,12.977583,77.673376,UPI QR Scam,ICICI Bank,15100.0,"Someone posing as a buyer on an online marketplace asked me to scan a QR code to 'receive' payment. Instead, money was deducted from my ICICI Bank account.",2026-07-24T14:14:16.347853,2026-07-25T08:24:06.020535,"[""MULE-KA927058"", ""MULE-ZW348765"", ""MULE-FB251646"", ""MULE-GC978818""]",11535639643,Unknown ATM,12.9409367,77.6958029,2026-07-26T03:43:42.537128,4.74
CMP00267,13.006848,77.636498,OTP Phishing,Canara Bank,12000.0,I received a call from someone claiming to be a Canara Bank representative. They asked me to share the OTP for a 'card upgrade' and my account was debited immediately after.,2026-08-01T04:34:43.612538,2026-08-02T02:42:02.432521,"[""MULE-LD245594"", ""MULE-XH604718"", ""MULE-DC310386"", ""MULE-GP676154""]",4286285302,ICICI Bank,12.9772166,77.631572,2026-08-02T01:42:14.345541,3.34
CMP00268,13.015999,77.68414,Investment Fraud,HDFC Bank,10400.0,I invested in a trading scheme promoted on social media that promised high returns. The platform is no longer accessible and I've lost my money.,2026-07-19T17:47:03.798649,2026-07-20T05:08:00.955008,"[""MULE-RJ360192"", ""MULE-VT028647""]",850751623,UCO Bank,13.0249229,77.5928698,2026-07-20T21:09:18.121247,9.94
CMP00269,12.957447,77.572513,OTP Phishing,Kotak Mahindra Bank,15000.0,I received a call from someone claiming to be a Kotak Mahindra Bank representative. They asked me to share the OTP for a 'card upgrade' and my account was debited immediately after.,2026-08-09T03:57:25.862236,2026-08-09T15:07:17.980899,"[""MULE-XE167390"", ""MULE-WV310073"", ""MULE-JI538100""]",11896939309,ICICI Bank,12.9765152,77.6230761,2026-08-09T20:23:03.255560,5.87
CMP00270,12.955921,77.625306,OTP Phishing,ICICI Bank,6300.0,I received a call from someone claiming to be a ICICI Bank representative. They asked me to share the OTP for a 'card upgrade' and my account was debited immediately after.,2026-07-24T22:25:48.243401,2026-07-25T09:31:52.888824,"[""MULE-RY873832"", ""MULE-NJ720791"", ""MULE-FI539750""]",850751637,Vijaya Bank,13.0248113,77.5934442,2026-07-26T02:05:33.291960,8.4
CMP00271,12.942346,77.676727,UPI QR Scam,HDFC Bank,119000.0,"Someone posing as a buyer on an online marketplace asked me to scan a QR code to 'receive' payment. Instead, money was deducted from my HDFC Bank account.",2026-07-25T10:07:46.286472,2026-07-26T12:54:04.915072,"[""MULE-LF295546"", ""MULE-KQ973923"", ""MULE-HP455647"", ""MULE-UA775101""]",2076240844,Citibank,12.937055,77.5784773,2026-07-25T16:27:51.225514,10.66
CMP00272,12.936388,77.605241,Job Fraud,Axis Bank,6100.0,I was offered a work-from-home job and asked to pay a 'registration fee' via UPI. The recruiter stopped responding after I paid.,2026-08-12T10:34:09.293319,2026-08-13T21:51:40.523901,"[""MULE-LT495045"", ""MULE-DR272004""]",10647620828,Unknown ATM,12.9059616,77.5734858,2026-08-13T15:31:29.050802,4.83
CMP00273,12.93495,77.601964,Investment Fraud,SBI,32600.0,I invested in a trading scheme promoted on social media that promised high returns. The platform is no longer accessible and I've lost my money.,2026-08-02T23:36:34.811319,2026-08-04T21:16:54.146146,"[""MULE-OV679879"", ""MULE-HN248387"", ""MULE-FX603843"", ""MULE-GE213960""]",5503164676,Unknown ATM,12.9690393,77.6936106,2026-08-03T05:40:15.871848,10.63
CMP00274,12.979472,77.585725,Job Fraud,SBI,24400.0,I was offered a work-from-home job and asked to pay a 'registration fee' via UPI. The recruiter stopped responding after I paid.,2026-08-08T02:26:43.143826,2026-08-10T01:08:30.773176,"[""MULE-BV733162"", ""MULE-PV948765""]",2471281382,Unknown ATM,12.9062993,77.627329,2026-08-08T14:25:30.014789,9.3
CMP00275,12.955874,77.696183,OTP Phishing,HDFC Bank,26500.0,I received a call from someone claiming to be a HDFC Bank representative. They asked me to share the OTP for a 'card upgrade' and my account was debited immediately after.,2026-08-13T12:28:46.432069,2026-08-14T12:59:14.579689,"[""MULE-ES168116"", ""MULE-PE108793"", ""MULE-SD590565"", ""MULE-TH489568""]",3556124491,Unknown ATM,12.98224,77.6387852,2026-08-14T21:14:33.442890,6.88
CMP00276,13.044633,77.585516,UPI QR Scam,Punjab National Bank,15000.0,"Someone posing as a buyer on an online marketplace asked me to scan a QR code to 'receive' payment. Instead, money was deducted from my Punjab National Bank account.",2026-07-18T14:53:23.165469,2026-07-20T11:22:36.339224,"[""MULE-SO716936"", ""MULE-HR475922"", ""MULE-KZ940203""]",11295836834,Unknown ATM,12.9978083,77.569546,2026-07-19T13:23:37.609310,5.49
CMP00277,12.911203,77.580407,KYC Update Scam,HDFC Bank,8800.0,"I got a message saying my HDFC Bank KYC would expire unless I updated it via a link. After entering my details, money was withdrawn from my account.",2026-07-31T13:41:21.568872,2026-07-31T21:34:16.773148,"[""MULE-RR219498"", ""MULE-JA158136"", ""MULE-HH936176""]",4062937542,Axis Bank,12.9446297,77.6289275,2026-08-01T02:35:35.065954,6.44
CMP00278,13.015551,77.617788,Job Fraud,Bank of Baroda,116100.0,I was offered a work-from-home job and asked to pay a 'registration fee' via UPI. The recruiter stopped responding after I paid.,2026-07-26T08:25:07.691459,2026-07-28T01:24:42.145207,"[""MULE-OF703855"", ""MULE-UV544802"", ""MULE-NW199614""]",11116490524,Unknown ATM,12.9792304,77.6952189,2026-07-26T18:12:59.329732,9.31
CMP00279,12.906049,77.675389,UPI QR Scam,ICICI Bank,8200.0,"Someone posing as a buyer on an online marketplace asked me to scan a QR code to 'receive' payment. Instead, money was deducted from my ICICI Bank account.",2026-08-12T12:40:50.180966,2026-08-12T17:30:47.587514,"[""MULE-CK723215"", ""MULE-WW259928"", ""MULE-VQ147687"", ""MULE-CH274512""]",3344233314,Citibank,12.9939906,77.6154041,2026-08-13T05:06:20.861933,11.74
CMP00280,13.023013,77.57608,Job Fraud,Canara Bank,38000.0,I was offered a work-from-home job and asked to pay a 'registration fee' via UPI. The recruiter stopped responding after I paid.,2026-07-25T09:38:41.061992,2026-07-26T12:33:09.155217,"[""MULE-SR629761"", ""MULE-TH672922""]",1468032550,Punjab National Bank,12.9805966,77.6074314,2026-07-26T14:44:59.340863,5.81
CMP00281,12.901794,77.674556,Fake Loan App,ICICI Bank,4700.0,I applied for a quick personal loan through an app I found online. After paying a 'processing fee' the app disappeared and my money is gone.,2026-07-18T14:47:14.463654,2026-07-19T00:41:55.212670,"[""MULE-VZ388704"", ""MULE-YB367915"", ""MULE-RJ067056"", ""MULE-FN218778""]",6393846700,IDBI Bank,12.9713759,77.6348862,2026-07-19T13:36:42.433276,8.85
CMP00282,13.037614,77.561248,OTP Phishing,Axis Bank,15100.0,I received a call from someone claiming to be a Axis Bank representative. They asked me to share the OTP for a 'card upgrade' and my account was debited immediately after.,2026-07-19T15:39:11.710224,2026-07-21T11:01:18.540235,"[""MULE-OO853978"", ""MULE-NX910980"", ""MULE-YP699000""]",1474220580,State Bank of India,12.9786857,77.6450948,2026-07-20T16:16:38.526388,11.2
CMP00283,12.974419,77.607409,Job Fraud,ICICI Bank,28100.0,I was offered a work-from-home job and asked to pay a 'registration fee' via UPI. The recruiter stopped responding after I paid.,2026-08-15T09:06:22.972404,2026-08-16T02:25:07.268611,"[""MULE-JN233182"", ""MULE-WR614989"", ""MULE-MY595852""]",2414639340,Unknown ATM,12.9189584,77.6426733,2026-08-17T05:15:18.569844,7.25
CMP00284,12.944266,77.611799,KYC Update Scam,Canara Bank,65300.0,"I got a message saying my Canara Bank KYC would expire unless I updated it via a link. After entering my details, money was withdrawn from my account.",2026-08-11T12:08:52.358436,2026-08-11T15:32:39.779224,"[""MULE-XL807682"", ""MULE-AB843052""]",1580635076,Canara Bank,13.0233826,77.5508348,2026-08-12T05:53:54.487737,11.0
CMP00285,12.937372,77.699113,KYC Update Scam,SBI,42700.0,"I got a message saying my SBI KYC would expire unless I updated it via a link. After entering my details, money was withdrawn from my account.",2026-07-26T22:58:48.534371,2026-07-28T22:28:36.552666,"[""MULE-CK486087"", ""MULE-AU108205"", ""MULE-FB055186"", ""MULE-JU674800""]",3389796914,Syndicate Bank,12.9466123,77.6218766,2026-07-28T13:49:14.198318,8.43
CMP00286,12.984848,77.598241,UPI QR Scam,ICICI Bank,26800.0,"Someone posing as a buyer on an online marketplace asked me to scan a QR code to 'receive' payment. Instead, money was deducted from my ICICI Bank account.",2026-08-04T18:08:56.630276,2026-08-04T19:53:13.397764,"[""MULE-UR943350"", ""MULE-AG271789"", ""MULE-XP032727""]",610677254,Unknown ATM,13.0055316,77.569732,2026-08-06T01:13:40.622813,3.85
CMP00287,13.049941,77.696097,OTP Phishing,Axis Bank,44900.0,I received a call from someone claiming to be a Axis Bank representative. They asked me to share the OTP for a 'card upgrade' and my account was debited immediately after.,2026-08-11T13:51:13.353727,2026-08-12T21:33:17.169782,"[""MULE-NT309743"", ""MULE-OM375097"", ""MULE-GX190550"", ""MULE-CT971271""]",11219406681,Canara Bank,13.0206355,77.6436073,2026-08-12T07:02:52.236288,6.55
CMP00288,13.025883,77.676783,Fake Loan App,Axis Bank,107300.0,I applied for a quick personal loan through an app I found online. After paying a 'processing fee' the app disappeared and my money is gone.,2026-08-03T04:19:37.508835,2026-08-04T08:58:18.344905,"[""MULE-IG234661"", ""MULE-QM308846"", ""MULE-VB913619"", ""MULE-SU139795""]",7255929463,State Bank of India,13.0011143,77.6123797,2026-08-04T20:11:16.494909,7.5
CMP00289,12.984466,77.578235,Job Fraud,Bank of Baroda,8800.0,I was offered a work-from-home job and asked to pay a 'registration fee' via UPI. The recruiter stopped responding after I paid.,2026-07-25T14:10:34.236282,2026-07-25T23:00:54.443552,"[""MULE-FU393603"", ""MULE-RF804897"", ""MULE-VK826288"", ""MULE-EK915260""]",1212309366,IDBI Bank,12.9713009,77.6347274,2026-07-25T21:46:14.353951,6.29
CMP00290,12.900103,77.687684,Fake Loan App,ICICI Bank,31800.0,I applied for a quick personal loan through an app I found online. After paying a 'processing fee' the app disappeared and my money is gone.,2026-08-07T05:44:22.258797,2026-08-07T22:25:32.055367,"[""MULE-YH880021"", ""MULE-XU071423"", ""MULE-QK291258""]",10718179796,Union Bank HSR Layout,12.9126149,77.6523053,2026-08-07T19:11:34.191542,4.08
CMP00291,12.916638,77.628944,UPI QR Scam,HDFC Bank,15200.0,"Someone posing as a buyer on an online marketplace asked me to scan a QR code to 'receive' payment. Instead, money was deducted from my HDFC Bank account.",2026-08-04T02:33:27.565303,2026-08-04T20:48:11.588697,"[""MULE-ZG642872"", ""MULE-HH568960""]",3453558194,Axis Bank,12.9596492,77.6383775,2026-08-06T00:07:06.355179,4.89
CMP00292,13.046379,77.659853,Job Fraud,Canara Bank,104500.0,I was offered a work-from-home job and asked to pay a 'registration fee' via UPI. The recruiter stopped responding after I paid.,2026-08-12T00:24:29.244333,2026-08-13T07:44:39.069758,"[""MULE-FC414805"", ""MULE-FX331140"", ""MULE-VW931129"", ""MULE-QB487568""]",12507236091,Unknown ATM,12.9838037,77.6034294,2026-08-12T13:43:28.688181,9.26
CMP00293,12.953524,77.64983,Fake Loan App,Kotak Mahindra Bank,46800.0,I applied for a quick personal loan through an app I found online. After paying a 'processing fee' the app disappeared and my money is gone.,2026-08-10T23:46:24.602402,2026-08-11T14:50:51.374612,"[""MULE-DF166574"", ""MULE-LX095009"", ""MULE-PY191872"", ""MULE-WW647675""]",1474449978,Federal Bank,12.9245296,77.6094944,2026-08-12T10:41:25.566469,5.43
CMP00294,13.015625,77.635122,Fake Loan App,Punjab National Bank,6500.0,I applied for a quick personal loan through an app I found online. After paying a 'processing fee' the app disappeared and my money is gone.,2026-08-13T20:17:16.119137,2026-08-15T16:32:13.654144,"[""MULE-FJ665878"", ""MULE-LH881650"", ""MULE-JK087818"", ""MULE-MS665885""]",2084115319,Unknown ATM,13.0298117,77.5783199,2026-08-15T18:55:26.910002,6.35
CMP00295,12.949675,77.561671,UPI QR Scam,Punjab National Bank,58100.0,"Someone posing as a buyer on an online marketplace asked me to scan a QR code to 'receive' payment. Instead, money was deducted from my Punjab National Bank account.",2026-07-30T18:48:21.581033,2026-07-31T03:16:50.329298,"[""MULE-YQ474894"", ""MULE-UO487956"", ""MULE-GJ228700"", ""MULE-AP203317""]",1465146871,Unknown ATM,12.9198321,77.5927344,2026-08-01T13:59:22.003346,4.73
CMP00296,12.950362,77.551709,Fake Loan App,Axis Bank,6300.0,I applied for a quick personal loan through an app I found online. After paying a 'processing fee' the app disappeared and my money is gone.,2026-08-14T09:41:38.690876,2026-08-15T19:07:11.799927,"[""MULE-CV068469"", ""MULE-GG355886"", ""MULE-XP277604"", ""MULE-AA432466""]",10111454507,Unknown ATM,12.9350238,77.6302683,2026-08-15T06:24:51.442555,8.68
CMP00297,13.009888,77.695365,Job Fraud,Canara Bank,63400.0,I was offered a work-from-home job and asked to pay a 'registration fee' via UPI. The recruiter stopped responding after I paid.,2026-07-26T14:34:08.119980,2026-07-28T08:57:10.902555,"[""MULE-XD287899"", ""MULE-XF538071"", ""MULE-GH908729""]",3556133795,Kotak Mahindra Bank,12.9783815,77.6354826,2026-07-27T11:19:14.272778,7.37
CMP00298,13.013737,77.583837,Job Fraud,HDFC Bank,9700.0,I was offered a work-from-home job and asked to pay a 'registration fee' via UPI. The recruiter stopped responding after I paid.,2026-07-20T00:56:06.927726,2026-07-21T15:23:49.198470,"[""MULE-UG839102"", ""MULE-MB039454"", ""MULE-YG477368""]",517874468,Canara Bank,12.9532525,77.57754,2026-07-20T08:20:18.941050,6.76
CMP00299,13.009798,77.632057,OTP Phishing,Punjab National Bank,16200.0,I received a call from someone claiming to be a Punjab National Bank representative. They asked me to share the OTP for a 'card upgrade' and my account was debited immediately after.,2026-07-20T01:26:40.608945,2026-07-21T06:09:39.831978,"[""MULE-JH458007"", ""MULE-AS532889""]",4177732309,Kotak Mahindra Bank,12.9773643,77.5747535,2026-07-21T09:13:03.691483,7.18
CMP00300,12.991098,77.61513,OTP Phishing,HDFC Bank,78400.0,I received a call from someone claiming to be a HDFC Bank representative. They asked me to share the OTP for a 'card upgrade' and my account was debited immediately after.,2026-08-10T11:02:08.728191,2026-08-11T03:15:45.901275,"[""MULE-VB375985"", ""MULE-SK404601"", ""MULE-AK391844"", ""MULE-NI492547""]",3556124491,Unknown ATM,12.98224,77.6387852,2026-08-12T09:57:37.769397,2.75
CMP00301,12.93979,77.592228,Fake Loan App,HDFC Bank,31900.0,I applied for a quick personal loan through an app I found online. After paying a 'processing fee' the app disappeared and my money is gone.,2026-08-08T01:54:04.775756,2026-08-08T04:45:32.436516,"[""MULE-FY514218"", ""MULE-OE014938""]",11295826656,Unknown ATM,12.9547541,77.5929871,2026-08-09T07:54:56.370704,1.67
CMP00302,12.914548,77.581043,Investment Fraud,Bank of Baroda,14400.0,I invested in a trading scheme promoted on social media that promised high returns. The platform is no longer accessible and I've lost my money.,2026-07-30T13:35:36.195942,2026-08-01T12:30:13.061958,"[""MULE-KZ764955"", ""MULE-ZF705546"", ""MULE-DL904678""]",1473299194,Unknown ATM,12.930445,77.5896349,2026-07-31T15:29:00.078395,2.0
CMP00303,12.939751,77.64628,Job Fraud,ICICI Bank,11100.0,I was offered a work-from-home job and asked to pay a 'registration fee' via UPI. The recruiter stopped responding after I paid.,2026-08-06T07:49:47.279903,2026-08-07T01:57:11.789651,"[""MULE-US277471"", ""MULE-AP056064""]",1792719635,ICICI Bank,12.9418698,77.5563504,2026-08-07T05:51:01.792193,9.75
CMP00304,12.933936,77.590284,OTP Phishing,ICICI Bank,49600.0,I received a call from someone claiming to be a ICICI Bank representative. They asked me to share the OTP for a 'card upgrade' and my account was debited immediately after.,2026-07-22T14:02:51.834189,2026-07-24T02:16:44.043491,"[""MULE-DH613827"", ""MULE-HA136764"", ""MULE-SK204824""]",1465146871,Unknown ATM,12.9198321,77.5927344,2026-07-24T00:04:53.065210,1.59
CMP00305,13.013469,77.584127,OTP Phishing,Kotak Mahindra Bank,25500.0,I received a call from someone claiming to be a Kotak Mahindra Bank representative. They asked me to share the OTP for a 'card upgrade' and my account was debited immediately after.,2026-07-23T23:56:19.229173,2026-07-25T15:18:46.520915,"[""MULE-CN034434"", ""MULE-IK842538"", ""MULE-IL279570""]",4456346090,Karnataka Bank,12.9074342,77.578346,2026-07-24T23:31:16.398903,11.81
CMP00306,12.944828,77.609221,Investment Fraud,SBI,77600.0,I invested in a trading scheme promoted on social media that promised high returns. The platform is no longer accessible and I've lost my money.,2026-08-16T12:11:36.479390,2026-08-17T12:32:35.830814,"[""MULE-NC099959"", ""MULE-MX414300"", ""MULE-VC580639"", ""MULE-MC843134""]",10687892747,Unknown ATM,12.9093651,77.640848,2026-08-18T08:00:45.284685,5.22
CMP00307,13.042359,77.575075,Fake Loan App,Axis Bank,5800.0,I applied for a quick personal loan through an app I found online. After paying a 'processing fee' the app disappeared and my money is gone.,2026-07-19T16:34:50.991664,2026-07-19T23:04:28.797431,"[""MULE-KB261061"", ""MULE-KR683800"", ""MULE-AL654668""]",13155991171,Unknown ATM,12.9498997,77.5958958,2026-07-20T16:21:45.276441,10.53
CMP00308,12.947962,77.659065,OTP Phishing,HDFC Bank,31800.0,I received a call from someone claiming to be a HDFC Bank representative. They asked me to share the OTP for a 'card upgrade' and my account was debited immediately after.,2026-07-28T03:02:54.872441,2026-07-28T21:58:59.827607,"[""MULE-ZW974154"", ""MULE-OY115285"", ""MULE-VH937718""]",3218746549,Citibank,12.9818877,77.610465,2026-07-29T01:44:14.947588,6.48
CMP00309,12.901855,77.655062,KYC Update Scam,Kotak Mahindra Bank,98700.0,"I got a message saying my Kotak Mahindra Bank KYC would expire unless I updated it via a link. After entering my details, money was withdrawn from my account.",2026-07-20T12:20:00.882899,2026-07-20T18:10:41.604988,"[""MULE-CA817678"", ""MULE-KH428634"", ""MULE-ON934749"", ""MULE-DV829864""]",4463113589,Canara Bank,12.9035208,77.5843442,2026-07-21T00:37:06.801621,7.67
CMP00310,12.915149,77.592914,KYC Update Scam,Punjab National Bank,26200.0,"I got a message saying my Punjab National Bank KYC would expire unless I updated it via a link. After entering my details, money was withdrawn from my account.",2026-08-17T09:19:27.643028,2026-08-19T03:31:27.442249,"[""MULE-LA529425"", ""MULE-EQ189813"", ""MULE-ZB829842"", ""MULE-CO469356""]",5306746601,Canara Bank,12.9495366,77.580231,2026-08-18T02:25:05.101510,4.06
CMP00311,12.941312,77.571578,KYC Update Scam,Kotak Mahindra Bank,5800.0,"I got a message saying my Kotak Mahindra Bank KYC would expire unless I updated it via a link. After entering my details, money was withdrawn from my account.",2026-07-20T16:44:48.338544,2026-07-20T19:05:20.151598,"[""MULE-KN431345"", ""MULE-EE227416""]",3198659801,HDFC Bank,12.9180396,77.631926,2026-07-22T12:06:31.959688,7.03
CMP00312,12.940288,77.605866,UPI QR Scam,Bank of Baroda,13300.0,"Someone posing as a buyer on an online marketplace asked me to scan a QR code to 'receive' payment. Instead, money was deducted from my Bank of Baroda account.",2026-07-20T11:50:27.118155,2026-07-21T03:06:39.448087,"[""MULE-TR385894"", ""MULE-DD045622"", ""MULE-CU055550"", ""MULE-PI925768""]",11355774238,Unknown ATM,12.9614194,77.5751313,2026-07-22T05:14:25.519329,4.08
CMP00313,12.940413,77.612516,Investment Fraud,HDFC Bank,21000.0,I invested in a trading scheme promoted on social media that promised high returns. The platform is no longer accessible and I've lost my money.,2026-08-10T17:04:53.922652,2026-08-11T02:30:30.925795,"[""MULE-EH419227"", ""MULE-LT606049"", ""MULE-WS790748"", ""MULE-YI886478""]",11219406681,Canara Bank,13.0206355,77.6436073,2026-08-11T07:57:36.166570,9.54
CMP00314,12.956087,77.558431,Fake Loan App,HDFC Bank,44100.0,I applied for a quick personal loan through an app I found online. After paying a 'processing fee' the app disappeared and my money is gone.,2026-08-05T17:07:11.945553,2026-08-06T08:23:53.994505,"[""MULE-MS918129"", ""MULE-JR957772"", ""MULE-DT711794"", ""MULE-DF677743""]",1474220586,Citibank,12.9689844,77.6415777,2026-08-06T20:24:19.391169,9.12
CMP00315,12.968467,77.687705,Investment Fraud,Axis Bank,10100.0,I invested in a trading scheme promoted on social media that promised high returns. The platform is no longer accessible and I've lost my money.,2026-08-08T10:18:45.041550,2026-08-08T23:49:35.193789,"[""MULE-QH863443"", ""MULE-HJ607055"", ""MULE-LT386580"", ""MULE-HY281115""]",4272772790,Bandhan Bank,12.9783518,77.6352342,2026-08-10T02:53:59.192853,5.79
CMP00316,12.966916,77.694078,Job Fraud,Punjab National Bank,38200.0,I was offered a work-from-home job and asked to pay a 'registration fee' via UPI. The recruiter stopped responding after I paid.,2026-07-22T06:55:41.479467,2026-07-22T23:46:48.059126,"[""MULE-OE358759"", ""MULE-DX083583"", ""MULE-WG205101"", ""MULE-AK247115""]",2702151803,Unknown ATM,13.0290865,77.5664915,2026-07-24T00:06:34.729530,15.46
CMP00317,12.933203,77.583767,Fake Loan App,Bank of Baroda,39000.0,I applied for a quick personal loan through an app I found online. After paying a 'processing fee' the app disappeared and my money is gone.,2026-07-22T06:11:31.006706,2026-07-23T13:38:32.440624,"[""MULE-CY491764"", ""MULE-QY773464"", ""MULE-LL251646"", ""MULE-ZO404284""]",11420439733,Indian Bank ATM,12.9783538,77.6358664,2026-07-23T09:44:59.129250,7.56
CMP00318,12.90127,77.587859,UPI QR Scam,Bank of Baroda,11800.0,"Someone posing as a buyer on an online marketplace asked me to scan a QR code to 'receive' payment. Instead, money was deducted from my Bank of Baroda account.",2026-08-14T22:56:25.063744,2026-08-15T19:34:16.026657,"[""MULE-GD787333"", ""MULE-XM718820"", ""MULE-NW631772""]",3231750613,Unknown ATM,12.9168242,77.6038323,2026-08-15T20:45:08.152127,2.45
CMP00319,12.978096,77.643541,KYC Update Scam,HDFC Bank,27800.0,"I got a message saying my HDFC Bank KYC would expire unless I updated it via a link. After entering my details, money was withdrawn from my account.",2026-08-10T12:01:52.807580,2026-08-10T12:52:49.242508,"[""MULE-ZO038766"", ""MULE-NG247111"", ""MULE-IT408059""]",12580943041,Unknown ATM,12.9007752,77.6598469,2026-08-12T12:00:26.529816,8.78
CMP00320,12.942402,77.652662,Job Fraud,HDFC Bank,6100.0,I was offered a work-from-home job and asked to pay a 'registration fee' via UPI. The recruiter stopped responding after I paid.,2026-07-25T12:15:38.445406,2026-07-26T04:44:02.950221,"[""MULE-DF388909"", ""MULE-RG643125"", ""MULE-HM649780""]",3198659801,HDFC Bank,12.9180396,77.631926,2026-07-26T05:52:22.712801,3.52
CMP00321,13.033856,77.594819,Fake Loan App,Axis Bank,17700.0,I applied for a quick personal loan through an app I found online. After paying a 'processing fee' the app disappeared and my money is gone.,2026-08-12T09:19:30.717085,2026-08-14T04:33:37.201736,"[""MULE-DV150366"", ""MULE-JS547631"", ""MULE-CV978010"", ""MULE-BZ540362""]",10853169817,Unknown ATM,12.9161105,77.5740163,2026-08-14T01:09:11.706267,13.29
CMP00322,12.920989,77.553818,Job Fraud,Bank of Baroda,46300.0,I was offered a work-from-home job and asked to pay a 'registration fee' via UPI. The recruiter stopped responding after I paid.,2026-08-14T03:32:38.116351,2026-08-14T16:22:00.008985,"[""MULE-BX454173"", ""MULE-FD953254""]",3394762170,State Bank of India,12.9424288,77.6015084,2026-08-15T03:07:25.248086,5.69
CMP00323,13.007005,77.652948,Investment Fraud,Canara Bank,12800.0,I invested in a trading scheme promoted on social media that promised high returns. The platform is no longer accessible and I've lost my money.,2026-07-23T06:46:26.903347,2026-07-25T02:20:02.935788,"[""MULE-OR230683"", ""MULE-AY822589""]",4362765797,Bank of Baroda,12.9472769,77.5799705,2026-07-24T16:59:33.416913,10.33
CMP00324,12.919192,77.588798,KYC Update Scam,ICICI Bank,9200.0,"I got a message saying my ICICI Bank KYC would expire unless I updated it via a link. After entering my details, money was withdrawn from my account.",2026-07-31T14:58:55.507083,2026-08-02T12:27:39.405096,"[""MULE-GF124543"", ""MULE-PI348027""]",5503164684,Unknown ATM,12.9687034,77.6935455,2026-08-02T10:45:53.690150,12.62
CMP00325,12.946063,77.668214,UPI QR Scam,Punjab National Bank,30500.0,"Someone posing as a buyer on an online marketplace asked me to scan a QR code to 'receive' payment. Instead, money was deducted from my Punjab National Bank account.",2026-07-29T17:18:31.277241,2026-07-30T06:11:06.906495,"[""MULE-GF800110"", ""MULE-JM550192"", ""MULE-BU466318""]",11355774238,Unknown ATM,12.9614194,77.5751313,2026-07-30T11:39:31.806835,10.23
CMP00326,12.970833,77.579182,OTP Phishing,Kotak Mahindra Bank,10900.0,I received a call from someone claiming to be a Kotak Mahindra Bank representative. They asked me to share the OTP for a 'card upgrade' and my account was debited immediately after.,2026-08-13T11:29:35.970115,2026-08-14T13:09:38.354407,"[""MULE-LY890509"", ""MULE-VC523336""]",11420450121,Kotak Mahindra Bank ATM,12.9783605,77.6353351,2026-08-14T10:50:37.786922,6.14
CMP00327,12.961379,77.635411,Job Fraud,ICICI Bank,16200.0,I was offered a work-from-home job and asked to pay a 'registration fee' via UPI. The recruiter stopped responding after I paid.,2026-08-05T23:46:08.858850,2026-08-06T15:17:50.430108,"[""MULE-NK040844"", ""MULE-XZ152167"", ""MULE-CO381263""]",10047410318,Unknown ATM,12.9398703,77.6252571,2026-08-07T11:49:37.929414,2.63
CMP00328,12.967808,77.581407,Fake Loan App,ICICI Bank,18400.0,I applied for a quick personal loan through an app I found online. After paying a 'processing fee' the app disappeared and my money is gone.,2026-07-24T19:28:25.646733,2026-07-25T19:13:43.329231,"[""MULE-AU617448"", ""MULE-RX912231"", ""MULE-SB295459"", ""MULE-CZ910821""]",1465177404,HDFC Bank,12.9373618,77.6244338,2026-07-26T09:32:37.304799,5.76
CMP00329,12.964354,77.62161,OTP Phishing,SBI,51300.0,I received a call from someone claiming to be a SBI representative. They asked me to share the OTP for a 'card upgrade' and my account was debited immediately after.,2026-07-24T23:04:07.937081,2026-07-26T00:55:24.762167,"[""MULE-XA848341"", ""MULE-IB709867"", ""MULE-AI412542""]",12161830093,Punjab & Sind Bank,12.9204166,77.5972503,2026-07-26T11:45:23.588527,5.55
CMP00330,12.902687,77.550619,Investment Fraud,Axis Bank,14200.0,I invested in a trading scheme promoted on social media that promised high returns. The platform is no longer accessible and I've lost my money.,2026-07-21T08:19:58.760526,2026-07-21T19:34:50.197156,"[""MULE-VN380236"", ""MULE-YB372131""]",2986412026,State Bank of India,12.9094255,77.5655013,2026-07-23T03:09:58.912977,1.78
CMP00331,12.925053,77.673577,UPI QR Scam,Bank of Baroda,2000,"Someone posing as a buyer on an online marketplace asked me to scan a QR code to 'receive' payment. Instead, money was deducted from my Bank of Baroda account.",2026-07-19T15:18:47.831966,2026-07-20T13:28:11.231313,"[""MULE-KH333340"", ""MULE-AY742566"", ""MULE-VM072868""]",4362807789,Unknown ATM,12.947717,77.5798294,2026-07-20T19:09:55.439898,10.47
CMP00332,12.953888,77.578264,Job Fraud,SBI,5000.0,I was offered a work-from-home job and asked to pay a 'registration fee' via UPI. The recruiter stopped responding after I paid.,2026-08-07T08:20:10.629784,2026-08-07T19:41:10.156491,"[""MULE-WF351786"", ""MULE-MN119482"", ""MULE-MY883113"", ""MULE-JG948772""]",1474220580,State Bank of India,12.9786857,77.6450948,2026-08-08T20:52:38.556598,7.75
CMP00333,12.918474,77.656667,OTP Phishing,Kotak Mahindra Bank,25700.0,I received a call from someone claiming to be a Kotak Mahindra Bank representative. They asked me to share the OTP for a 'card upgrade' and my account was debited immediately after.,2026-08-07T13:22:44.706675,2026-08-09T07:30:53.754205,"[""MULE-EX144104"", ""MULE-UF167893""]",4392383891,Unknown ATM,12.9367073,77.6206344,2026-08-08T06:07:20.029773,4.4
CMP00334,12.916217,77.675418,OTP Phishing,HDFC Bank,32600.0,I received a call from someone claiming to be a HDFC Bank representative. They asked me to share the OTP for a 'card upgrade' and my account was debited immediately after.,2026-07-20T11:23:03.562289,2026-07-21T07:40:52.183935,"[""MULE-ET594637"", ""MULE-EY327699"", ""MULE-QZ808290""]",4456336990,ICICI Bank,12.9079578,77.5783267,2026-07-21T09:21:17.931244,10.56
CMP00335,13.002861,77.551396,Job Fraud,HDFC Bank,6400.0,I was offered a work-from-home job and asked to pay a 'registration fee' via UPI. The recruiter stopped responding after I paid.,2026-08-01T10:20:36.749217,2026-08-02T18:18:41.336384,"[""MULE-NR977377"", ""MULE-BD188123""]",4843125823,Corporation Bank,12.9679992,77.6007868,2026-08-02T03:40:57.294227,6.61
CMP00336,12.976738,77.642655,UPI QR Scam,HDFC Bank,15200.0,"Someone posing as a buyer on an online marketplace asked me to scan a QR code to 'receive' payment. Instead, money was deducted from my HDFC Bank account.",2026-08-15T06:31:43.890796,2026-08-16T20:18:17.862111,"[""MULE-GB973590"", ""MULE-GP711615"", ""MULE-UB383026""]",4966811521,Unknown ATM,12.9192929,77.5926382,2026-08-16T09:26:02.037151,8.38
CMP00337,12.924056,77.632221,Fake Loan App,Canara Bank,105200.0,I applied for a quick personal loan through an app I found online. After paying a 'processing fee' the app disappeared and my money is gone.,2026-07-19T07:47:20.306010,2026-07-19T23:59:33.524380,"[""MULE-WW115071"", ""MULE-HN455229""]",5624262708,HDFC Bank,12.9898516,77.5551738,2026-07-19T13:54:14.291467,11.1
CMP00338,12.922372,77.563512,KYC Update Scam,HDFC Bank,2000,"I got a message saying my HDFC Bank KYC would expire unless I updated it via a link. After entering my details, money was withdrawn from my account.",2026-08-10T07:43:04.736541,2026-08-11T18:35:14.115031,"[""MULE-FX942164"", ""MULE-XV085601""]",2389353616,Unknown ATM,12.9034741,77.6256178,2026-08-10T17:58:19.856904,7.05
CMP00339,12.939619,77.557512,Fake Loan App,SBI,33100.0,I applied for a quick personal loan through an app I found online. After paying a 'processing fee' the app disappeared and my money is gone.,2026-07-18T11:00:20.289653,2026-07-20T03:59:14.814914,"[""MULE-PA338540"", ""MULE-SE985427"", ""MULE-IN639816""]",6393846699,State Bank of India,12.9776551,77.6364842,2026-07-19T08:08:04.746858,9.55
CMP00340,13.013731,77.556883,Fake Loan App,ICICI Bank,39900.0,I applied for a quick personal loan through an app I found online. After paying a 'processing fee' the app disappeared and my money is gone.,2026-07-22T07:21:45.460586,2026-07-22T23:28:26.461844,"[""MULE-WK717373"", ""MULE-JZ793719"", ""MULE-SG232869""]",12161153129,Unknown ATM,12.9464594,77.5801001,2026-07-24T02:55:58.036334,7.89
CMP00341,12.960117,77.694346,UPI QR Scam,Kotak Mahindra Bank,9000.0,"Someone posing as a buyer on an online marketplace asked me to scan a QR code to 'receive' payment. Instead, money was deducted from my Kotak Mahindra Bank account.",2026-08-15T04:38:01.753224,2026-08-16T13:54:15.068951,"[""MULE-BW628659"", ""MULE-BS829693""]",3761463625,ICICI Bank,12.9592324,77.6549762,2026-08-16T06:43:12.398883,4.27
CMP00342,12.988613,77.67034,Investment Fraud,Canara Bank,20900.0,I invested in a trading scheme promoted on social media that promised high returns. The platform is no longer accessible and I've lost my money.,2026-08-10T01:24:20.936797,2026-08-10T10:30:56.492649,"[""MULE-BH591417"", ""MULE-NF183478""]",3363186002,Unknown ATM,13.0199268,77.5951979,2026-08-10T23:21:19.254599,8.85
CMP00343,13.033139,77.616103,OTP Phishing,Bank of Baroda,58400.0,I received a call from someone claiming to be a Bank of Baroda representative. They asked me to share the OTP for a 'card upgrade' and my account was debited immediately after.,2026-07-24T04:22:29.819086,2026-07-25T11:59:10.299363,"[""MULE-WR874385"", ""MULE-AB846079"", ""MULE-YJ698472"", ""MULE-MT973446""]",11478107291,Unknown ATM,13.0007872,77.5632382,2026-07-24T10:53:38.683289,6.76
CMP00344,12.984752,77.696684,Investment Fraud,Punjab National Bank,30700.0,I invested in a trading scheme promoted on social media that promised high returns. The platform is no longer accessible and I've lost my money.,2026-08-02T08:37:38.579570,2026-08-03T09:47:04.624682,"[""MULE-OU306707"", ""MULE-WU852917"", ""MULE-GS604615""]",5018934517,State Bank of India,12.9074809,77.6758423,2026-08-03T19:32:00.716062,8.88
CMP00345,12.951862,77.651444,Job Fraud,ICICI Bank,22400.0,I was offered a work-from-home job and asked to pay a 'registration fee' via UPI. The recruiter stopped responding after I paid.,2026-07-31T03:31:15.335791,2026-08-01T19:52:29.982421,"[""MULE-TF382034"", ""MULE-CF277101""]",13354969819,Unknown ATM,12.9533147,77.5713042,2026-08-01T08:58:16.984380,8.69
CMP00346,12.974375,77.574811,Job Fraud,Punjab National Bank,25000.0,I was offered a work-from-home job and asked to pay a 'registration fee' via UPI. The recruiter stopped responding after I paid.,2026-07-25T19:22:37.037792,2026-07-26T07:19:09.538447,"[""MULE-MJ547790"", ""MULE-KC078640""]",946825830,ICICI Bank,12.9093013,77.614205,2026-07-27T18:07:22.969168,8.4
CMP00347,13.022565,77.561825,Job Fraud,Canara Bank,18900.0,I was offered a work-from-home job and asked to pay a 'registration fee' via UPI. The recruiter stopped responding after I paid.,2026-07-20T15:42:43.192958,2026-07-20T20:23:34.589309,"[""MULE-EX760511"", ""MULE-MW441778"", ""MULE-OZ487038""]",3170060062,Unknown ATM,12.9734362,77.6215884,2026-07-21T18:38:49.762259,8.47
CMP00348,12.982365,77.673886,KYC Update Scam,Bank of Baroda,65700.0,"I got a message saying my Bank of Baroda KYC would expire unless I updated it via a link. After entering my details, money was withdrawn from my account.",2026-08-12T15:56:58.546149,2026-08-14T10:43:47.509848,"[""MULE-XL304477"", ""MULE-ZX428864"", ""MULE-AL143018""]",5624262720,NKGSB Bank,12.9885991,77.555898,2026-08-13T21:34:03.231050,12.8
CMP00349,12.908141,77.583438,Job Fraud,Punjab National Bank,15000.0,I was offered a work-from-home job and asked to pay a 'registration fee' via UPI. The recruiter stopped responding after I paid.,2026-08-02T06:27:00.079553,2026-08-03T09:33:25.874066,"[""MULE-XL058975"", ""MULE-GT660560"", ""MULE-ZB902379"", ""MULE-YL752225""]",4100777593,Unknown ATM,12.9640262,77.5507761,2026-08-03T14:28:47.484568,7.15
CMP00350,12.914616,77.648837,OTP Phishing,Punjab National Bank,24700.0,I received a call from someone claiming to be a Punjab National Bank representative. They asked me to share the OTP for a 'card upgrade' and my account was debited immediately after.,2026-08-06T04:08:58.626365,2026-08-06T21:31:07.391703,"[""MULE-VD229581"", ""MULE-ID680412"", ""MULE-AZ709996"", ""MULE-KL766941""]",10651903499,SBI ATM,12.9598179,77.6502474,2026-08-07T12:45:48.196852,5.03
CMP00351,12.906867,77.574623,Fake Loan App,Kotak Mahindra Bank,10700.0,I applied for a quick personal loan through an app I found online. After paying a 'processing fee' the app disappeared and my money is gone.,2026-08-10T06:30:41.702457,2026-08-10T12:05:32.119901,"[""MULE-WS398402"", ""MULE-IW638366"", ""MULE-VE232899""]",1792027188,Indian Bank,12.9418539,77.555564,2026-08-11T14:10:02.489497,4.4
CMP00352,13.013572,77.556975,Investment Fraud,HDFC Bank,7100.0,I invested in a trading scheme promoted on social media that promised high returns. The platform is no longer accessible and I've lost my money.,2026-08-14T07:31:35.821163,2026-08-15T20:42:12.645855,"[""MULE-US172017"", ""MULE-SF275052"", ""MULE-IU080162"", ""MULE-XK614195""]",5537882024,Central Bank of India,12.9759637,77.6388269,2026-08-15T08:26:52.116223,9.8
CMP00353,12.979555,77.557286,Job Fraud,Canara Bank,34500.0,I was offered a work-from-home job and asked to pay a 'registration fee' via UPI. The recruiter stopped responding after I paid.,2026-08-01T21:03:20.115244,2026-08-03T17:27:47.534661,"[""MULE-HK631350"", ""MULE-DL474858"", ""MULE-KZ536571"", ""MULE-PP919603""]",11896917266,Canara Bank,12.9759242,77.622773,2026-08-03T11:51:39.637603,7.11
CMP00354,12.919257,77.608111,KYC Update Scam,Punjab National Bank,38500.0,"I got a message saying my Punjab National Bank KYC would expire unless I updated it via a link. After entering my details, money was withdrawn from my account.",2026-08-03T07:44:10.599337,2026-08-04T08:10:53.429746,"[""MULE-XC384353"", ""MULE-CA566925"", ""MULE-OG019518"", ""MULE-EF543827""]",12811493359,Kotak Mahindra Bank ATM,12.9552932,77.5800239,2026-08-04T05:53:31.590315,5.03
CMP00355,13.044539,77.695574,Job Fraud,ICICI Bank,7800.0,I was offered a work-from-home job and asked to pay a 'registration fee' via UPI. The recruiter stopped responding after I paid.,2026-07-31T09:44:52.410997,2026-07-31T16:48:41.191962,"[""MULE-FL572197"", ""MULE-KB882626"", ""MULE-KE299634"", ""MULE-SB229004""]",11696309277,Unknown ATM,12.9561602,77.6950672,2026-08-01T17:03:14.107788,9.83
CMP00356,13.029106,77.656781,KYC Update Scam,Axis Bank,7400.0,"I got a message saying my Axis Bank KYC would expire unless I updated it via a link. After entering my details, money was withdrawn from my account.",2026-08-07T20:37:20.611469,2026-08-08T06:39:52.644547,"[""MULE-HJ316756"", ""MULE-AS430089"", ""MULE-OI884674""]",3170060062,Unknown ATM,12.9734362,77.6215884,2026-08-09T04:50:14.750957,7.27
CMP00357,12.995532,77.656553,UPI QR Scam,Canara Bank,245900.0,"Someone posing as a buyer on an online marketplace asked me to scan a QR code to 'receive' payment. Instead, money was deducted from my Canara Bank account.",2026-07-28T22:47:40.658197,2026-07-30T02:58:40.530554,"[""MULE-EB991615"", ""MULE-AZ003967"", ""MULE-MZ584031"", ""MULE-ND468615""]",7941607044,State Bank of India,13.003937,77.6155107,2026-07-30T20:23:12.914211,4.54
CMP00358,12.942889,77.677095,OTP Phishing,HDFC Bank,4100.0,I received a call from someone claiming to be a HDFC Bank representative. They asked me to share the OTP for a 'card upgrade' and my account was debited immediately after.,2026-07-21T11:58:28.420677,2026-07-21T13:40:29.956832,"[""MULE-FM123402"", ""MULE-OS812553""]",5915230906,Unknown ATM,12.9341518,77.6234672,2026-07-22T00:04:41.819476,5.89
CMP00359,13.04753,77.652509,Fake Loan App,SBI,14800.0,I applied for a quick personal loan through an app I found online. After paying a 'processing fee' the app disappeared and my money is gone.,2026-07-29T10:32:39.851162,2026-07-30T19:50:51.570574,"[""MULE-RM748689"", ""MULE-NQ088155""]",9814510708,State Bank of India,12.9772578,77.6468383,2026-07-30T04:56:25.104735,7.84
CMP00360,12.992416,77.651329,KYC Update Scam,Axis Bank,8300.0,"I got a message saying my Axis Bank KYC would expire unless I updated it via a link. After entering my details, money was withdrawn from my account.",2026-07-25T18:31:14.330291,2026-07-27T06:17:06.908125,"[""MULE-SD232674"", ""MULE-TS234912"", ""MULE-JO612549"", ""MULE-KM527089""]",2249679251,HDFC Bank,12.9097644,77.6491755,2026-07-27T00:05:38.437873,9.19
CMP00361,13.038973,77.608133,Investment Fraud,Punjab National Bank,51500.0,I invested in a trading scheme promoted on social media that promised high returns. The platform is no longer accessible and I've lost my money.,2026-07-21T19:11:05.144627,2026-07-23T17:33:42.624147,"[""MULE-EK840250"", ""MULE-QE182307""]",9214185062,Unknown ATM,12.9899666,77.5745326,2026-07-22T03:26:40.036104,6.55
CMP00362,13.030518,77.674498,Investment Fraud,Punjab National Bank,60800.0,I invested in a trading scheme promoted on social media that promised high returns. The platform is no longer accessible and I've lost my money.,2026-07-20T21:06:55.593730,2026-07-22T09:28:59.011321,"[""MULE-XC781298"", ""MULE-MJ023207"", ""MULE-MB770328"", ""MULE-AZ288091""]",4849094834,Unknown ATM,12.9652861,77.5864103,2026-07-22T02:04:23.802399,11.99
CMP00363,12.926614,77.652399,Fake Loan App,ICICI Bank,24400.0,I applied for a quick personal loan through an app I found online. After paying a 'processing fee' the app disappeared and my money is gone.,2026-07-30T20:36:37.697321,2026-08-01T08:01:36.289431,"[""MULE-BV271596"", ""MULE-SM510659"", ""MULE-FK446177""]",951203518,Indian Bank,12.9127285,77.6064015,2026-07-31T07:37:23.993585,5.22
CMP00364,12.987598,77.588252,UPI QR Scam,Canara Bank,42700.0,"Someone posing as a buyer on an online marketplace asked me to scan a QR code to 'receive' payment. Instead, money was deducted from my Canara Bank account.",2026-07-18T20:29:26.187389,2026-07-20T06:42:03.057059,"[""MULE-KG790697"", ""MULE-JS320090"", ""MULE-MC628870""]",1674647382,State Bank of India,12.9223393,77.5953285,2026-07-19T08:59:32.808896,7.3
CMP00365,12.993805,77.676471,UPI QR Scam,Canara Bank,15400.0,"Someone posing as a buyer on an online marketplace asked me to scan a QR code to 'receive' payment. Instead, money was deducted from my Canara Bank account.",2026-08-05T18:19:22.033253,2026-08-07T08:20:36.332446,"[""MULE-VY372051"", ""MULE-MM202870"", ""MULE-AZ974171"", ""MULE-BL371477""]",1367646347,ICICI Bank,12.9249638,77.681639,2026-08-06T23:25:46.252427,7.68
CMP00366,12.92758,77.560226,KYC Update Scam,ICICI Bank,127800.0,"I got a message saying my ICICI Bank KYC would expire unless I updated it via a link. After entering my details, money was withdrawn from my account.",2026-08-06T05:00:50.809890,2026-08-07T01:16:15.052575,"[""MULE-HU797021"", ""MULE-DS787174""]",1467816822,Unknown ATM,13.033232,77.5690512,2026-08-07T09:34:10.645913,11.79
CMP00367,12.94966,77.594036,KYC Update Scam,Canara Bank,8900.0,"I got a message saying my Canara Bank KYC would expire unless I updated it via a link. After entering my details, money was withdrawn from my account.",2026-08-05T09:10:32.690289,2026-08-07T09:00:56.605414,"[""MULE-CI330653"", ""MULE-SI200542""]",12915170801,Unknown ATM,13.0421146,77.6124806,2026-08-07T01:46:14.376509,10.47
CMP00368,12.936052,77.64634,KYC Update Scam,Axis Bank,15000.0,"I got a message saying my Axis Bank KYC would expire unless I updated it via a link. After entering my details, money was withdrawn from my account.",2026-08-02T20:38:49.472536,2026-08-04T18:41:40.828085,"[""MULE-DP849715"", ""MULE-GB452007""]",3170060062,Unknown ATM,12.9734362,77.6215884,2026-08-04T07:18:51.238284,4.95
CMP00369,12.942424,77.6867,UPI QR Scam,Canara Bank,33300.0,"Someone posing as a buyer on an online marketplace asked me to scan a QR code to 'receive' payment. Instead, money was deducted from my Canara Bank account.",2026-08-03T23:00:04.693480,2026-08-04T22:37:28.298747,"[""MULE-FJ492064"", ""MULE-QA653097"", ""MULE-HR395999""]",5286949432,State Bank of India,13.0409375,77.6223743,2026-08-04T17:27:05.509680,12.98
CMP00370,12.925109,77.693441,KYC Update Scam,SBI,58600.0,"I got a message saying my SBI KYC would expire unless I updated it via a link. After entering my details, money was withdrawn from my account.",2026-08-02T12:46:17.330366,2026-08-03T19:03:02.886358,"[""MULE-FL012544"", ""MULE-SA171703""]",5018934517,State Bank of India,12.9074809,77.6758423,2026-08-03T03:37:27.489376,2.74
CMP00371,12.915589,77.630663,Investment Fraud,Kotak Mahindra Bank,11300.0,I invested in a trading scheme promoted on social media that promised high returns. The platform is no longer accessible and I've lost my money.,2026-07-24T09:35:08.224184,2026-07-25T16:47:50.182427,"[""MULE-RP405935"", ""MULE-EO997126""]",8916964740,ICICI Bank,13.0042947,77.6229746,2026-07-26T07:03:18.592244,9.9
CMP00372,12.910566,77.673243,UPI QR Scam,Kotak Mahindra Bank,18200.0,"Someone posing as a buyer on an online marketplace asked me to scan a QR code to 'receive' payment. Instead, money was deducted from my Kotak Mahindra Bank account.",2026-07-31T10:33:17.799605,2026-08-01T05:29:11.374828,"[""MULE-BM034470"", ""MULE-LQ295969""]",3776717263,Punjab National Bank,12.9752131,77.6086452,2026-08-01T19:01:26.650016,10.03
CMP00373,12.900885,77.658043,OTP Phishing,SBI,7800.0,I received a call from someone claiming to be a SBI representative. They asked me to share the OTP for a 'card upgrade' and my account was debited immediately after.,2026-08-16T06:19:25.654087,2026-08-17T16:06:56.481453,"[""MULE-UV473051"", ""MULE-DY199865""]",11982683583,Unknown ATM,12.9052438,77.6491055,2026-08-16T15:22:21.178141,1.08
CMP00374,12.990985,77.592228,Job Fraud,Kotak Mahindra Bank,4000.0,I was offered a work-from-home job and asked to pay a 'registration fee' via UPI. The recruiter stopped responding after I paid.,2026-08-07T14:07:08.652178,2026-08-08T09:23:13.019335,"[""MULE-RN536457"", ""MULE-ZB891674"", ""MULE-VS878279"", ""MULE-EJ567248""]",4100777593,Unknown ATM,12.9640262,77.5507761,2026-08-08T23:52:09.994712,5.4
CMP00375,13.019516,77.67742,UPI QR Scam,ICICI Bank,26500.0,"Someone posing as a buyer on an online marketplace asked me to scan a QR code to 'receive' payment. Instead, money was deducted from my ICICI Bank account.",2026-07-23T12:23:46.520219,2026-07-24T03:03:14.182269,"[""MULE-NP736531"", ""MULE-CV384262"", ""MULE-DK191176"", ""MULE-IR121989""]",12441556290,Unknown ATM,12.9874735,77.5801145,2026-07-25T07:38:57.611808,11.13
CMP00376,12.982129,77.562769,Fake Loan App,Punjab National Bank,11300.0,I applied for a quick personal loan through an app I found online. After paying a 'processing fee' the app disappeared and my money is gone.,2026-07-24T12:28:48.401204,2026-07-24T23:02:15.418444,"[""MULE-DC019150"", ""MULE-GC802275""]",11303622566,HDFC Bank,12.9061896,77.5780386,2026-07-26T08:30:59.359392,8.6
CMP00377,13.025212,77.579149,Fake Loan App,SBI,28000.0,I applied for a quick personal loan through an app I found online. After paying a 'processing fee' the app disappeared and my money is gone.,2026-08-11T13:54:44.570572,2026-08-13T06:51:11.871107,"[""MULE-OH154067"", ""MULE-BI802690"", ""MULE-WZ861181""]",13362838387,Unknown ATM,12.9243033,77.597266,2026-08-13T11:04:18.894221,11.39
CMP00378,13.000753,77.587603,Fake Loan App,Canara Bank,4300.0,I applied for a quick personal loan through an app I found online. After paying a 'processing fee' the app disappeared and my money is gone.,2026-08-02T08:09:05.594207,2026-08-04T05:50:58.918192,"[""MULE-HR820129"", ""MULE-YD782689""]",5915230906,Unknown ATM,12.9341518,77.6234672,2026-08-03T05:09:04.914090,8.36
CMP00379,13.035018,77.597668,Job Fraud,Punjab National Bank,37700.0,I was offered a work-from-home job and asked to pay a 'registration fee' via UPI. The recruiter stopped responding after I paid.,2026-08-01T11:56:52.947297,2026-08-02T17:43:27.502871,"[""MULE-PN989326"", ""MULE-SB187823"", ""MULE-NL674837"", ""MULE-DZ727808""]",4847294837,Unknown ATM,12.9686496,77.6002531,2026-08-02T06:47:11.081295,7.39
CMP00380,13.043799,77.575296,UPI QR Scam,Axis Bank,40400.0,"Someone posing as a buyer on an online marketplace asked me to scan a QR code to 'receive' payment. Instead, money was deducted from my Axis Bank account.",2026-08-08T09:33:02.393225,2026-08-09T23:22:10.272388,"[""MULE-GN414101"", ""MULE-QF377572"", ""MULE-CS407165""]",5624262706,Unknown ATM,12.9898621,77.5546219,2026-08-09T21:27:46.901262,6.4
CMP00381,13.009946,77.681683,Job Fraud,Canara Bank,28100.0,I was offered a work-from-home job and asked to pay a 'registration fee' via UPI. The recruiter stopped responding after I paid.,2026-07-26T14:39:35.640208,2026-07-27T08:12:00.454169,"[""MULE-WS779280"", ""MULE-CW748523""]",4545906691,Unknown ATM,12.9205691,77.5951275,2026-07-27T09:29:22.975831,13.67
CMP00382,12.942092,77.673967,KYC Update Scam,Axis Bank,65200.0,"I got a message saying my Axis Bank KYC would expire unless I updated it via a link. After entering my details, money was withdrawn from my account.",2026-07-22T23:46:57.433380,2026-07-23T12:47:10.558632,"[""MULE-FN413271"", ""MULE-PZ400877""]",1465177404,HDFC Bank,12.9373618,77.6244338,2026-07-24T19:00:31.411190,5.39
CMP00383,12.986835,77.66538,Fake Loan App,SBI,29100.0,I applied for a quick personal loan through an app I found online. After paying a 'processing fee' the app disappeared and my money is gone.,2026-07-30T19:11:39.553185,2026-07-31T21:53:42.126933,"[""MULE-SC370064"", ""MULE-LB131409"", ""MULE-VQ708695""]",13766019283,Unknown ATM,12.9900679,77.6977464,2026-08-01T00:01:12.114961,3.53
CMP00384,12.958875,77.683716,KYC Update Scam,Bank of Baroda,22200.0,"I got a message saying my Bank of Baroda KYC would expire unless I updated it via a link. After entering my details, money was withdrawn from my account.",2026-07-20T13:44:48.008290,2026-07-20T20:36:21.703655,"[""MULE-JB919306"", ""MULE-KJ611893"", ""MULE-GX383134""]",1468516363,Indian Bank,12.9366613,77.6253726,2026-07-21T16:47:37.831802,6.79
CMP00385,13.027197,77.670981,KYC Update Scam,ICICI Bank,21200.0,"I got a message saying my ICICI Bank KYC would expire unless I updated it via a link. After entering my details, money was withdrawn from my account.",2026-08-11T10:23:18.775055,2026-08-12T22:51:21.013243,"[""MULE-QE412553"", ""MULE-UV087195"", ""MULE-PP024141"", ""MULE-FD177611""]",1741567711,Unknown ATM,12.9239653,77.5705721,2026-08-11T22:17:02.823785,15.82
CMP00386,12.932823,77.623146,OTP Phishing,Bank of Baroda,2700.0,I received a call from someone claiming to be a Bank of Baroda representative. They asked me to share the OTP for a 'card upgrade' and my account was debited immediately after.,2026-07-28T09:28:46.926980,2026-07-29T03:31:40.343692,"[""MULE-YP915891"", ""MULE-MG038319"", ""MULE-MM006075""]",1813565050,Axis Bank,13.0058689,77.571081,2026-07-28T17:16:39.563235,9.89
CMP00387,13.032233,77.555986,Investment Fraud,Punjab National Bank,44400.0,I invested in a trading scheme promoted on social media that promised high returns. The platform is no longer accessible and I've lost my money.,2026-07-21T23:41:11.122706,2026-07-22T05:05:22.599911,"[""MULE-ED776954"", ""MULE-RW535665"", ""MULE-BO440294""]",5286949430,Unknown ATM,13.0441606,77.6010657,2026-07-23T22:21:39.462512,5.06
CMP00388,12.981653,77.576077,Investment Fraud,Kotak Mahindra Bank,10700.0,I invested in a trading scheme promoted on social media that promised high returns. The platform is no longer accessible and I've lost my money.,2026-07-22T11:16:06.567585,2026-07-23T05:07:12.316621,"[""MULE-GI558227"", ""MULE-DB466754"", ""MULE-FV771395"", ""MULE-GH208749""]",11295245077,Unknown ATM,12.9401246,77.5945482,2026-07-23T20:42:31.053424,5.03
CMP00389,13.022586,77.601755,Job Fraud,SBI,22700.0,I was offered a work-from-home job and asked to pay a 'registration fee' via UPI. The recruiter stopped responding after I paid.,2026-08-06T19:07:49.724314,2026-08-07T19:28:03.848658,"[""MULE-OP191454"", ""MULE-PP251594""]",1758038060,ICICI Bank,12.9686424,77.6498752,2026-08-07T06:58:01.732344,7.95
CMP00390,12.922536,77.573604,KYC Update Scam,HDFC Bank,20900.0,"I got a message saying my HDFC Bank KYC would expire unless I updated it via a link. After entering my details, money was withdrawn from my account.",2026-08-10T13:34:58.559152,2026-08-11T21:29:08.308090,"[""MULE-OO531440"", ""MULE-DK688015""]",3207060595,Axis Bank,12.9382385,77.6328181,2026-08-11T12:59:48.148338,6.65
CMP00391,12.931606,77.574187,Job Fraud,SBI,27100.0,I was offered a work-from-home job and asked to pay a 'registration fee' via UPI. The recruiter stopped responding after I paid.,2026-08-10T14:09:59.183626,2026-08-11T02:14:26.806195,"[""MULE-HX817771"", ""MULE-ZB549266""]",4843099632,Central Bank of India,12.9696922,77.6066419,2026-08-11T01:32:15.413006,5.51
CMP00392,12.98584,77.558387,UPI QR Scam,ICICI Bank,31200.0,"Someone posing as a buyer on an online marketplace asked me to scan a QR code to 'receive' payment. Instead, money was deducted from my ICICI Bank account.",2026-07-30T11:41:45.639035,2026-07-31T12:44:11.197476,"[""MULE-IG902438"", ""MULE-HE644178"", ""MULE-AM865200"", ""MULE-SK288783""]",12466417389,Unknown ATM,12.9510222,77.5677852,2026-07-31T10:43:30.634085,4.0
CMP00393,12.912862,77.617381,Job Fraud,Canara Bank,40300.0,I was offered a work-from-home job and asked to pay a 'registration fee' via UPI. The recruiter stopped responding after I paid.,2026-07-25T11:05:39.858277,2026-07-25T19:41:46.778339,"[""MULE-TP739915"", ""MULE-QT396055"", ""MULE-PQ180465"", ""MULE-SK483648""]",4763212765,Kotak Mahindra Bank,12.9435344,77.5654837,2026-07-27T03:58:10.830772,6.58
CMP00394,12.998947,77.589678,Investment Fraud,Punjab National Bank,18100.0,I invested in a trading scheme promoted on social media that promised high returns. The platform is no longer accessible and I've lost my money.,2026-07-22T19:12:28.428485,2026-07-24T15:31:10.611053,"[""MULE-KQ878081"", ""MULE-QS749902"", ""MULE-KH085063""]",1370777376,Unknown ATM,13.0317411,77.611461,2026-07-24T02:15:44.272895,4.34
CMP00395,12.930352,77.678939,KYC Update Scam,Kotak Mahindra Bank,77700.0,"I got a message saying my Kotak Mahindra Bank KYC would expire unless I updated it via a link. After entering my details, money was withdrawn from my account.",2026-07-24T06:31:46.743801,2026-07-25T22:17:20.669537,"[""MULE-ND697365"", ""MULE-II269815"", ""MULE-FV036572"", ""MULE-GB201937""]",1792046973,Unknown ATM,12.9396697,77.5546603,2026-07-25T13:57:40.009702,13.51
CMP00396,12.979714,77.662857,OTP Phishing,Canara Bank,35700.0,I received a call from someone claiming to be a Canara Bank representative. They asked me to share the OTP for a 'card upgrade' and my account was debited immediately after.,2026-08-15T09:44:25.580454,2026-08-16T17:33:41.716963,"[""MULE-XE160228"", ""MULE-HU731799""]",4457339389,Standard Chartered,12.9330476,77.5822333,2026-08-17T05:37:25.675519,10.16
CMP00397,12.955557,77.556516,KYC Update Scam,Kotak Mahindra Bank,6800.0,"I got a message saying my Kotak Mahindra Bank KYC would expire unless I updated it via a link. After entering my details, money was withdrawn from my account.",2026-07-31T10:10:57.470073,2026-07-31T21:34:59.619914,"[""MULE-QC446415"", ""MULE-ZG011399"", ""MULE-AH539381""]",10114180706,Unknown ATM,12.9383445,77.6259659,2026-08-02T01:52:45.259709,7.77
CMP00398,13.036179,77.675579,KYC Update Scam,HDFC Bank,18500.0,"I got a message saying my HDFC Bank KYC would expire unless I updated it via a link. After entering my details, money was withdrawn from my account.",2026-08-13T06:26:49.165807,2026-08-14T03:09:27.852669,"[""MULE-YP728503"", ""MULE-KW817625""]",10009663793,Kotak Mahindra Bank,13.0495713,77.6038451,2026-08-13T23:08:12.291668,7.91
CMP00399,13.006372,77.668413,KYC Update Scam,HDFC Bank,18800.0,"I got a message saying my HDFC Bank KYC would expire unless I updated it via a link. After entering my details, money was withdrawn from my account.",2026-08-01T06:22:45.653484,2026-08-02T07:34:04.929068,"[""MULE-PO127674"", ""MULE-HW421876"", ""MULE-ZZ004509""]",2120456105,State Bank of India,12.9679017,77.5851515,2026-08-02T04:07:50.171598,9.98
CMP00400,12.963911,77.637806,UPI QR Scam,Kotak Mahindra Bank,43100.0,"Someone posing as a buyer on an online marketplace asked me to scan a QR code to 'receive' payment. Instead, money was deducted from my Kotak Mahindra Bank account.",2026-07-27T00:58:39.181554,2026-07-28T04:17:57.792191,"[""MULE-US733422"", ""MULE-OJ141269"", ""MULE-BJ853492""]",13357442351,Unknown ATM,12.9077384,77.5993882,2026-07-28T08:40:35.539918,7.51
CMP00401,13.017568,77.62237,UPI QR Scam,Canara Bank,18400.0,"Someone posing as a buyer on an online marketplace asked me to scan a QR code to 'receive' payment. Instead, money was deducted from my Canara Bank account.",2026-08-09T03:37:12.826232,2026-08-09T16:10:28.803603,"[""MULE-EA636452"", ""MULE-BB244367"", ""MULE-MQ867647"", ""MULE-HM325764""]",3344225431,HDFC Bank,13.0234056,77.6296912,2026-08-09T22:29:58.772937,1.02
CMP00402,13.029575,77.567863,Fake Loan App,Canara Bank,17500.0,I applied for a quick personal loan through an app I found online. After paying a 'processing fee' the app disappeared and my money is gone.,2026-07-23T12:55:12.362665,2026-07-25T02:37:04.046184,"[""MULE-MQ720102"", ""MULE-PT584800"", ""MULE-RK797560"", ""MULE-GP380366""]",1468032550,Punjab National Bank,12.9805966,77.6074314,2026-07-25T10:47:18.233641,6.93
CMP00403,12.982586,77.654559,Investment Fraud,SBI,56700.0,I invested in a trading scheme promoted on social media that promised high returns. The platform is no longer accessible and I've lost my money.,2026-08-13T02:39:02.897480,2026-08-13T10:47:09.097042,"[""MULE-HV982526"", ""MULE-DD986504""]",312509585,Axis Bank,12.9601353,77.6431187,2026-08-15T01:09:45.919488,2.79
CMP00404,12.990037,77.563221,UPI QR Scam,Axis Bank,31800.0,"Someone posing as a buyer on an online marketplace asked me to scan a QR code to 'receive' payment. Instead, money was deducted from my Axis Bank account.",2026-08-06T00:10:12.543106,2026-08-06T18:17:05.349659,"[""MULE-AK920908"", ""MULE-AS882523"", ""MULE-NG510222""]",7528043666,Unknown ATM,12.9388497,77.6020928,2026-08-07T07:44:57.706921,7.08
CMP00405,13.006741,77.639621,Fake Loan App,Canara Bank,30300.0,I applied for a quick personal loan through an app I found online. After paying a 'processing fee' the app disappeared and my money is gone.,2026-07-27T02:52:32.327307,2026-07-28T00:13:36.547608,"[""MULE-PI374228"", ""MULE-IM529312"", ""MULE-YB444903"", ""MULE-CJ480340""]",5685637244,State Bank of India,13.0068403,77.5711956,2026-07-27T17:20:50.462419,7.41
CMP00406,12.934751,77.575422,OTP Phishing,Punjab National Bank,42900.0,I received a call from someone claiming to be a Punjab National Bank representative. They asked me to share the OTP for a 'card upgrade' and my account was debited immediately after.,2026-08-08T15:42:54.712797,2026-08-09T03:34:47.595721,"[""MULE-BR499785"", ""MULE-LV603673"", ""MULE-GC859542""]",1675552772,Citibank,12.9347196,77.61367,2026-08-08T21:43:38.148301,4.15
CMP00407,12.959271,77.637912,KYC Update Scam,SBI,48600.0,"I got a message saying my SBI KYC would expire unless I updated it via a link. After entering my details, money was withdrawn from my account.",2026-08-13T13:14:19.545698,2026-08-15T00:44:33.813063,"[""MULE-DG648376"", ""MULE-AR865343"", ""MULE-NU354850""]",1467329134,IDBI Bank,13.0272537,77.5774582,2026-08-13T22:07:14.462095,10.0
CMP00408,12.98744,77.602121,UPI QR Scam,Axis Bank,22500.0,"Someone posing as a buyer on an online marketplace asked me to scan a QR code to 'receive' payment. Instead, money was deducted from my Axis Bank account.",2026-07-29T19:44:53.265616,2026-07-31T01:03:01.408383,"[""MULE-OF566594"", ""MULE-AN959219"", ""MULE-OL776509"", ""MULE-LJ019579""]",12046492132,Unknown ATM,13.0228712,77.6456831,2026-07-30T09:55:05.474811,6.15
CMP00409,12.975475,77.600995,OTP Phishing,Bank of Baroda,19100.0,I received a call from someone claiming to be a Bank of Baroda representative. They asked me to share the OTP for a 'card upgrade' and my account was debited immediately after.,2026-08-04T23:15:44.501367,2026-08-06T17:22:39.832275,"[""MULE-PJ141658"", ""MULE-IV648407"", ""MULE-TK227709"", ""MULE-LY840572""]",4591093490,Punjab National Bank,12.9771479,77.5700436,2026-08-06T15:24:52.380627,3.36
CMP00410,12.972544,77.586491,UPI QR Scam,Canara Bank,31400.0,"Someone posing as a buyer on an online marketplace asked me to scan a QR code to 'receive' payment. Instead, money was deducted from my Canara Bank account.",2026-07-22T08:36:12.281849,2026-07-23T17:28:44.970975,"[""MULE-XN015025"", ""MULE-ZK214630"", ""MULE-TO330433""]",11382935807,Unknown ATM,12.9167011,77.5931305,2026-07-24T04:15:26.683848,6.25
CMP00411,12.94736,77.693317,KYC Update Scam,SBI,98600.0,"I got a message saying my SBI KYC would expire unless I updated it via a link. After entering my details, money was withdrawn from my account.",2026-08-13T00:37:10.403089,2026-08-14T10:24:30.375535,"[""MULE-DD007968"", ""MULE-SI459330"", ""MULE-CJ399430""]",3024935602,Unknown ATM,12.9166044,77.6148886,2026-08-13T17:40:48.876428,9.16
CMP00412,12.911404,77.689709,Job Fraud,Punjab National Bank,22000.0,I was offered a work-from-home job and asked to pay a 'registration fee' via UPI. The recruiter stopped responding after I paid.,2026-08-07T21:02:40.963238,2026-08-08T14:20:15.948621,"[""MULE-QQ420259"", ""MULE-WR948941"", ""MULE-IL177060"", ""MULE-KC557039""]",2934044452,HDFC Bank,12.9166472,77.5972012,2026-08-09T16:36:21.580672,10.04
CMP00413,13.010314,77.680911,Fake Loan App,Axis Bank,35900.0,I applied for a quick personal loan through an app I found online. After paying a 'processing fee' the app disappeared and my money is gone.,2026-08-14T06:54:48.760060,2026-08-14T17:02:41.841613,"[""MULE-HJ091751"", ""MULE-YR201370""]",5174704944,HDFC Bank,13.0018586,77.5988817,2026-08-14T23:24:02.709673,8.94
CMP00414,12.911773,77.693367,Job Fraud,SBI,16500.0,I was offered a work-from-home job and asked to pay a 'registration fee' via UPI. The recruiter stopped responding after I paid.,2026-08-15T16:53:53.460393,2026-08-17T05:41:59.220754,"[""MULE-VU035315"", ""MULE-FQ815833"", ""MULE-CM448996""]",1331946772,Unknown ATM,12.9113882,77.5747186,2026-08-16T21:38:24.322329,12.86
CMP00415,13.034718,77.682148,KYC Update Scam,Bank of Baroda,11700.0,"I got a message saying my Bank of Baroda KYC would expire unless I updated it via a link. After entering my details, money was withdrawn from my account.",2026-07-23T22:59:33.830111,2026-07-24T22:48:21.545236,"[""MULE-GR577713"", ""MULE-RX519872"", ""MULE-KG661584""]",11897955146,Unknown ATM,13.005804,77.5711646,2026-07-25T22:20:14.306132,12.45
CMP00416,12.919237,77.62886,Job Fraud,Canara Bank,48300.0,I was offered a work-from-home job and asked to pay a 'registration fee' via UPI. The recruiter stopped responding after I paid.,2026-08-06T20:47:26.441514,2026-08-08T17:55:27.347567,"[""MULE-OR731086"", ""MULE-QX253264"", ""MULE-OP021178"", ""MULE-YX358304""]",3309380179,Axis Bank,12.9821515,77.6387449,2026-08-07T04:09:29.913745,7.08
CMP00417,12.918055,77.627731,UPI QR Scam,SBI,4700.0,"Someone posing as a buyer on an online marketplace asked me to scan a QR code to 'receive' payment. Instead, money was deducted from my SBI account.",2026-07-18T20:25:28.992779,2026-07-18T21:29:10.209121,"[""MULE-SQ403664"", ""MULE-RQ154259"", ""MULE-BP282794""]",4591203889,Indian Bank,12.9772143,77.5700433,2026-07-19T11:16:34.753497,9.07
CMP00418,12.928073,77.589427,UPI QR Scam,Canara Bank,4900.0,"Someone posing as a buyer on an online marketplace asked me to scan a QR code to 'receive' payment. Instead, money was deducted from my Canara Bank account.",2026-07-30T22:20:13.993190,2026-08-01T20:22:02.078908,"[""MULE-CE374820"", ""MULE-NZ532572"", ""MULE-SV098740""]",1791991192,Unknown ATM,12.9557511,77.567272,2026-07-31T18:44:50.177964,3.9
CMP00419,12.955846,77.678149,UPI QR Scam,Canara Bank,125200.0,"Someone posing as a buyer on an online marketplace asked me to scan a QR code to 'receive' payment. Instead, money was deducted from my Canara Bank account.",2026-07-29T02:34:27.857738,2026-07-29T11:37:08.915850,"[""MULE-TK889221"", ""MULE-TK641606""]",4599152789,Unknown ATM,12.9932782,77.6793591,2026-07-29T14:04:56.099713,4.16
CMP00420,13.020613,77.633301,Job Fraud,Axis Bank,8100.0,I was offered a work-from-home job and asked to pay a 'registration fee' via UPI. The recruiter stopped responding after I paid.,2026-07-30T21:10:42.541557,2026-07-31T04:36:21.820300,"[""MULE-AB518025"", ""MULE-OV253435""]",1603318781,Karnataka Bank,12.9488718,77.5977625,2026-08-01T19:27:45.707174,8.86
CMP00421,13.049334,77.677408,KYC Update Scam,Punjab National Bank,11400.0,"I got a message saying my Punjab National Bank KYC would expire unless I updated it via a link. After entering my details, money was withdrawn from my account.",2026-07-28T11:48:44.436962,2026-07-30T01:36:56.369137,"[""MULE-RM233143"", ""MULE-IQ283118"", ""MULE-ZD405719"", ""MULE-MM012223""]",4602971701,State Bank of India,12.9612841,77.6672062,2026-07-29T06:24:49.605304,9.85
CMP00422,12.938143,77.675846,OTP Phishing,Canara Bank,54100.0,I received a call from someone claiming to be a Canara Bank representative. They asked me to share the OTP for a 'card upgrade' and my account was debited immediately after.,2026-07-26T08:59:57.548046,2026-07-27T20:52:02.988745,"[""MULE-OG009399"", ""MULE-QL712608"", ""MULE-UH770443"", ""MULE-JE010711""]",3370455932,Axis Bank,12.9741296,77.6359555,2026-07-27T01:54:34.639294,5.89
CMP00423,12.902975,77.568186,Investment Fraud,Axis Bank,11100.0,I invested in a trading scheme promoted on social media that promised high returns. The platform is no longer accessible and I've lost my money.,2026-07-23T14:20:48.865914,2026-07-24T18:14:50.858263,"[""MULE-HM622437"", ""MULE-UX527809"", ""MULE-EM693222""]",4392383891,Unknown ATM,12.9367073,77.6206344,2026-07-24T23:38:28.526961,6.81
CMP00424,12.973124,77.660479,OTP Phishing,Kotak Mahindra Bank,16100.0,I received a call from someone claiming to be a Kotak Mahindra Bank representative. They asked me to share the OTP for a 'card upgrade' and my account was debited immediately after.,2026-07-31T02:09:29.321932,2026-08-01T07:48:25.827011,"[""MULE-KJ566377"", ""MULE-VO905906""]",12285338811,Unknown ATM,12.9333391,77.6110527,2026-08-01T03:38:08.636539,6.95
CMP00425,12.960716,77.686061,OTP Phishing,ICICI Bank,8000.0,I received a call from someone claiming to be a ICICI Bank representative. They asked me to share the OTP for a 'card upgrade' and my account was debited immediately after.,2026-08-06T14:17:46.126374,2026-08-07T07:07:06.084753,"[""MULE-XT829455"", ""MULE-BL520003"", ""MULE-NO885237"", ""MULE-HR261695""]",5318002823,Vijaya Bank,12.9162768,77.6151034,2026-08-07T09:27:44.614358,9.14
CMP00426,12.940687,77.616735,UPI QR Scam,Canara Bank,12700.0,"Someone posing as a buyer on an online marketplace asked me to scan a QR code to 'receive' payment. Instead, money was deducted from my Canara Bank account.",2026-07-26T06:13:20.867200,2026-07-27T02:23:12.996609,"[""MULE-QB990874"", ""MULE-SO840482"", ""MULE-GR784561"", ""MULE-NU057396""]",577968271,State Bank of India,13.018555,77.558819,2026-07-26T19:56:44.460504,10.69
CMP00427,13.011581,77.662461,Fake Loan App,ICICI Bank,23800.0,I applied for a quick personal loan through an app I found online. After paying a 'processing fee' the app disappeared and my money is gone.,2026-07-23T10:48:20.160073,2026-07-24T06:09:54.954817,"[""MULE-TJ693082"", ""MULE-IJ351913"", ""MULE-OS124100""]",12048924774,Unknown ATM,12.93857,77.5801176,2026-07-23T20:49:07.882383,12.06
CMP00428,12.959552,77.664749,OTP Phishing,HDFC Bank,14900.0,I received a call from someone claiming to be a HDFC Bank representative. They asked me to share the OTP for a 'card upgrade' and my account was debited immediately after.,2026-07-25T12:42:39.781173,2026-07-26T01:40:39.118362,"[""MULE-EO567340"", ""MULE-HG325838"", ""MULE-AA123203""]",5537882024,Central Bank of India,12.9759637,77.6388269,2026-07-26T01:13:57.264707,3.35
CMP00429,12.942626,77.643972,Fake Loan App,ICICI Bank,63300.0,I applied for a quick personal loan through an app I found online. After paying a 'processing fee' the app disappeared and my money is gone.,2026-08-02T12:34:57.306416,2026-08-02T14:26:22.997522,"[""MULE-DF596314"", ""MULE-GS450178"", ""MULE-CU618586""]",11385585231,Unknown ATM,12.972819,77.6172708,2026-08-03T22:27:05.935674,4.43
CMP00430,13.030635,77.690229,KYC Update Scam,Canara Bank,33100.0,"I got a message saying my Canara Bank KYC would expire unless I updated it via a link. After entering my details, money was withdrawn from my account.",2026-08-09T03:03:45.400409,2026-08-09T09:58:50.049676,"[""MULE-MF576107"", ""MULE-DW412701"", ""MULE-SL629988"", ""MULE-RW149855""]",4489719491,Unknown ATM,13.0184107,77.6545173,2026-08-11T00:53:56.503591,4.1
CMP00431,12.995378,77.634598,KYC Update Scam,Bank of Baroda,19100.0,"I got a message saying my Bank of Baroda KYC would expire unless I updated it via a link. After entering my details, money was withdrawn from my account.",2026-08-04T03:18:41.470274,2026-08-05T22:59:07.329214,"[""MULE-NP597632"", ""MULE-BM658733""]",2084115319,Unknown ATM,13.0298117,77.5783199,2026-08-05T05:32:27.204699,7.2
CMP00432,12.938971,77.595536,OTP Phishing,ICICI Bank,82400.0,I received a call from someone claiming to be a ICICI Bank representative. They asked me to share the OTP for a 'card upgrade' and my account was debited immediately after.,2026-07-27T17:25:48.560099,2026-07-28T10:15:52.880949,"[""MULE-UO344098"", ""MULE-LU647007"", ""MULE-NQ369429""]",316993745,Citibank,12.9600398,77.6452145,2026-07-28T19:08:11.290932,5.87
CMP00433,12.90137,77.614565,UPI QR Scam,Axis Bank,19400.0,"Someone posing as a buyer on an online marketplace asked me to scan a QR code to 'receive' payment. Instead, money was deducted from my Axis Bank account.",2026-07-21T18:37:08.637228,2026-07-23T08:57:55.859869,"[""MULE-OE133661"", ""MULE-NU698228"", ""MULE-JJ404194"", ""MULE-OO737079""]",1792716217,ICICI Bank,12.9434331,77.5663121,2026-07-22T23:38:38.321223,7.02
CMP00434,13.007241,77.646899,Job Fraud,Axis Bank,99300.0,I was offered a work-from-home job and asked to pay a 'registration fee' via UPI. The recruiter stopped responding after I paid.,2026-08-12T10:18:22.063723,2026-08-12T23:17:51.690824,"[""MULE-TV462236"", ""MULE-AR183351"", ""MULE-WY224693"", ""MULE-HM873305""]",2282215762,Unknown ATM,12.9916549,77.6907785,2026-08-13T10:02:24.658395,5.06
CMP00435,12.942702,77.661439,UPI QR Scam,Kotak Mahindra Bank,38300.0,"Someone posing as a buyer on an online marketplace asked me to scan a QR code to 'receive' payment. Instead, money was deducted from my Kotak Mahindra Bank account.",2026-08-14T13:27:50.932193,2026-08-14T22:53:39.039200,"[""MULE-MT797164"", ""MULE-ZA825968""]",1604968800,Corporation Bank,12.9236001,77.5879513,2026-08-14T22:20:22.681842,8.24
CMP00436,12.94082,77.643413,Fake Loan App,Punjab National Bank,60800.0,I applied for a quick personal loan through an app I found online. After paying a 'processing fee' the app disappeared and my money is gone.,2026-08-12T17:15:05.402246,2026-08-12T18:40:22.015175,"[""MULE-BJ191364"", ""MULE-OQ852400""]",4443389075,Citibank,12.9702333,77.6098322,2026-08-13T01:20:09.771566,4.89
CMP00437,12.918756,77.615762,OTP Phishing,Axis Bank,5200.0,I received a call from someone claiming to be a Axis Bank representative. They asked me to share the OTP for a 'card upgrade' and my account was debited immediately after.,2026-07-29T20:34:50.830133,2026-07-30T01:21:54.514251,"[""MULE-SS916571"", ""MULE-XU185593"", ""MULE-VV168383""]",2016220374,Karnataka Bank,12.9750242,77.5520533,2026-07-30T03:11:57.226981,9.32
CMP00438,13.049695,77.619553,OTP Phishing,Punjab National Bank,34800.0,I received a call from someone claiming to be a Punjab National Bank representative. They asked me to share the OTP for a 'card upgrade' and my account was debited immediately after.,2026-08-13T20:10:03.344939,2026-08-14T00:28:41.494566,"[""MULE-PK567525"", ""MULE-OG964585"", ""MULE-UC061240""]",1569153265,Citibank,12.9795192,77.6578339,2026-08-15T09:41:29.465681,8.84
CMP00439,12.970522,77.578829,UPI QR Scam,Kotak Mahindra Bank,3800.0,"Someone posing as a buyer on an online marketplace asked me to scan a QR code to 'receive' payment. Instead, money was deducted from my Kotak Mahindra Bank account.",2026-08-04T21:46:47.360879,2026-08-06T13:37:18.460983,"[""MULE-CU437233"", ""MULE-NR355021""]",10009310319,Unknown ATM,12.9794922,77.6061321,2026-08-05T08:54:07.948174,3.12
CMP00440,12.914094,77.649901,Fake Loan App,Canara Bank,27100.0,I applied for a quick personal loan through an app I found online. After paying a 'processing fee' the app disappeared and my money is gone.,2026-08-01T17:57:43.275284,2026-08-02T12:56:43.301543,"[""MULE-WM960965"", ""MULE-GD813734""]",12048924774,Unknown ATM,12.93857,77.5801176,2026-08-03T16:19:58.816437,8.04
CMP00441,13.040613,77.628139,UPI QR Scam,Canara Bank,13500.0,"Someone posing as a buyer on an online marketplace asked me to scan a QR code to 'receive' payment. Instead, money was deducted from my Canara Bank account.",2026-08-09T10:26:15.464551,2026-08-10T17:16:02.386610,"[""MULE-IN064354"", ""MULE-NK609361"", ""MULE-TB443198"", ""MULE-LM815044""]",11684647133,Unknown ATM,12.9906494,77.5718535,2026-08-10T00:47:02.477680,8.25
CMP00442,12.994936,77.598677,Fake Loan App,Bank of Baroda,33000.0,I applied for a quick personal loan through an app I found online. After paying a 'processing fee' the app disappeared and my money is gone.,2026-08-07T00:30:34.206753,2026-08-08T04:46:57.369815,"[""MULE-BU393291"", ""MULE-XQ302659""]",2214747036,Unknown ATM,13.0232887,77.6005444,2026-08-07T23:08:00.421758,3.16
CMP00443,13.003261,77.573249,OTP Phishing,Axis Bank,7700.0,I received a call from someone claiming to be a Axis Bank representative. They asked me to share the OTP for a 'card upgrade' and my account was debited immediately after.,2026-08-01T21:22:14.869600,2026-08-02T05:21:41.305610,"[""MULE-SW073372"", ""MULE-BO389545"", ""MULE-SH924298"", ""MULE-DK894106""]",4849618953,HDFC Bank,12.9437019,77.5947656,2026-08-02T07:12:34.784308,7.02
CMP00444,12.923088,77.630453,OTP Phishing,ICICI Bank,169100.0,I received a call from someone claiming to be a ICICI Bank representative. They asked me to share the OTP for a 'card upgrade' and my account was debited immediately after.,2026-08-15T12:47:21.481589,2026-08-16T12:27:42.614398,"[""MULE-RT464483"", ""MULE-DV785745"", ""MULE-SY504786"", ""MULE-YU528820""]",4463113589,Canara Bank,12.9035208,77.5843442,2026-08-16T08:05:32.502915,5.45
CMP00445,12.965808,77.578945,Investment Fraud,Kotak Mahindra Bank,45400.0,I invested in a trading scheme promoted on social media that promised high returns. The platform is no longer accessible and I've lost my money.,2026-08-13T14:05:02.667659,2026-08-14T07:35:49.309689,"[""MULE-ZE908609"", ""MULE-LZ859431"", ""MULE-LT903833""]",11684876145,Unknown ATM,13.0071319,77.5643956,2026-08-14T01:44:34.172332,4.86
CMP00446,12.98141,77.623514,KYC Update Scam,ICICI Bank,92600.0,"I got a message saying my ICICI Bank KYC would expire unless I updated it via a link. After entering my details, money was withdrawn from my account.",2026-08-01T02:43:37.371666,2026-08-02T05:02:56.484738,"[""MULE-JL123117"", ""MULE-OS530821"", ""MULE-AP661844"", ""MULE-UI236034""]",4067004488,ICICI Bank,12.9744681,77.673175,2026-08-01T22:19:17.920071,5.44
CMP00447,12.910331,77.573254,UPI QR Scam,Bank of Baroda,17500.0,"Someone posing as a buyer on an online marketplace asked me to scan a QR code to 'receive' payment. Instead, money was deducted from my Bank of Baroda account.",2026-07-28T10:25:25.590426,2026-07-29T12:39:00.208241,"[""MULE-HD044197"", ""MULE-KD989640"", ""MULE-YR906771"", ""MULE-HD373179""]",10042733217,Unknown ATM,12.9478479,77.6066562,2026-07-29T11:29:42.332171,5.52
CMP00448,12.902808,77.678524,KYC Update Scam,Axis Bank,4900.0,"I got a message saying my Axis Bank KYC would expire unless I updated it via a link. After entering my details, money was withdrawn from my account.",2026-08-06T15:38:35.409983,2026-08-07T07:22:34.100110,"[""MULE-AS372232"", ""MULE-OB905066"", ""MULE-MB810447""]",12507236091,Unknown ATM,12.9838037,77.6034294,2026-08-07T00:18:12.683581,12.14
CMP00449,13.01486,77.57312,UPI QR Scam,Punjab National Bank,9000.0,"Someone posing as a buyer on an online marketplace asked me to scan a QR code to 'receive' payment. Instead, money was deducted from my Punjab National Bank account.",2026-08-02T12:44:14.714458,2026-08-03T08:42:11.288706,"[""MULE-XK632709"", ""MULE-WY284478"", ""MULE-AE967835"", ""MULE-BX039277""]",1468035390,Unknown ATM,12.9168632,77.6045592,2026-08-03T08:15:44.751672,11.42
CMP00450,12.914813,77.635652,Job Fraud,Canara Bank,4800.0,I was offered a work-from-home job and asked to pay a 'registration fee' via UPI. The recruiter stopped responding after I paid.,2026-07-30T19:18:39.934220,2026-07-31T20:47:15.387227,"[""MULE-LG312712"", ""MULE-CG939845"", ""MULE-SN539828""]",2449068105,Unknown ATM,12.9003958,77.622738,2026-08-01T06:45:58.614282,2.13
CMP00451,12.901963,77.688155,Investment Fraud,Canara Bank,4700.0,I invested in a trading scheme promoted on social media that promised high returns. The platform is no longer accessible and I've lost my money.,2026-07-22T01:17:53.772080,2026-07-23T21:53:50.808104,"[""MULE-II966549"", ""MULE-CM768810"", ""MULE-IS231250"", ""MULE-YS519460""]",4067004488,ICICI Bank,12.9744681,77.673175,2026-07-23T18:14:43.919944,8.22
CMP00452,13.040737,77.612393,UPI QR Scam,SBI,8800.0,"Someone posing as a buyer on an online marketplace asked me to scan a QR code to 'receive' payment. Instead, money was deducted from my SBI account.",2026-07-21T04:15:58.271521,2026-07-22T19:53:21.218754,"[""MULE-MX106859"", ""MULE-ZZ471937""]",661056774,Unknown ATM,13.0076434,77.5779662,2026-07-21T21:25:49.595457,5.24
CMP00453,12.915184,77.584653,Job Fraud,Axis Bank,27000.0,I was offered a work-from-home job and asked to pay a 'registration fee' via UPI. The recruiter stopped responding after I paid.,2026-07-31T06:47:09.269018,2026-07-31T16:27:32.694604,"[""MULE-YJ105939"", ""MULE-NK528525""]",4591093490,Punjab National Bank,12.9771479,77.5700436,2026-08-01T16:22:28.997893,7.07
CMP00454,13.011916,77.664943,KYC Update Scam,Punjab National Bank,11800.0,"I got a message saying my Punjab National Bank KYC would expire unless I updated it via a link. After entering my details, money was withdrawn from my account.",2026-07-23T07:02:24.426320,2026-07-24T15:34:42.654720,"[""MULE-ZC258027"", ""MULE-SS349808""]",3837051274,Axis Bank,12.9782679,77.6330409,2026-07-24T18:32:50.049247,5.09
CMP00455,12.960234,77.600627,Fake Loan App,Canara Bank,54500.0,I applied for a quick personal loan through an app I found online. After paying a 'processing fee' the app disappeared and my money is gone.,2026-08-07T07:57:45.492793,2026-08-09T04:48:17.407582,"[""MULE-YO094763"", ""MULE-JZ400795"", ""MULE-XL152414""]",4457339389,Standard Chartered,12.9330476,77.5822333,2026-08-09T03:52:01.220356,3.62
CMP00456,12.994986,77.673923,UPI QR Scam,Axis Bank,19300.0,"Someone posing as a buyer on an online marketplace asked me to scan a QR code to 'receive' payment. Instead, money was deducted from my Axis Bank account.",2026-08-07T02:49:05.406312,2026-08-08T06:04:03.150492,"[""MULE-FF804640"", ""MULE-GF597540"", ""MULE-KW602966"", ""MULE-DF411072""]",10047222717,Unknown ATM,12.9804168,77.6043594,2026-08-07T17:48:11.340482,7.71
CMP00457,13.008947,77.697443,KYC Update Scam,SBI,6300.0,"I got a message saying my SBI KYC would expire unless I updated it via a link. After entering my details, money was withdrawn from my account.",2026-07-22T15:56:19.786754,2026-07-23T17:01:30.987116,"[""MULE-DR879751"", ""MULE-IX318824"", ""MULE-ER312016""]",3342048735,Axis Bank,12.9978263,77.6097252,2026-07-24T15:39:43.682599,9.58
CMP00458,13.041502,77.673351,KYC Update Scam,ICICI Bank,13500.0,"I got a message saying my ICICI Bank KYC would expire unless I updated it via a link. After entering my details, money was withdrawn from my account.",2026-08-10T16:09:31.125727,2026-08-10T21:08:14.224536,"[""MULE-EW677856"", ""MULE-YA997733"", ""MULE-QK069007""]",1675528607,DCB,12.9746026,77.6731914,2026-08-11T17:29:39.040343,7.44
CMP00459,12.934949,77.671661,OTP Phishing,Kotak Mahindra Bank,38100.0,I received a call from someone claiming to be a Kotak Mahindra Bank representative. They asked me to share the OTP for a 'card upgrade' and my account was debited immediately after.,2026-08-11T10:47:05.718902,2026-08-12T14:18:55.823115,"[""MULE-PB814099"", ""MULE-AC984394"", ""MULE-LK554552""]",1465482494,Unknown ATM,13.029027,77.561291,2026-08-12T01:55:02.235672,15.89
CMP00460,13.023856,77.653439,KYC Update Scam,HDFC Bank,9600.0,"I got a message saying my HDFC Bank KYC would expire unless I updated it via a link. After entering my details, money was withdrawn from my account.",2026-07-30T02:36:58.501600,2026-07-31T07:23:23.037238,"[""MULE-JZ030627"", ""MULE-WH194132"", ""MULE-SB913093"", ""MULE-GB975637""]",8544017587,HDFC Bank,13.0298326,77.5534828,2026-07-30T21:13:57.961581,10.85
CMP00461,13.038281,77.600158,Job Fraud,Kotak Mahindra Bank,39900.0,I was offered a work-from-home job and asked to pay a 'registration fee' via UPI. The recruiter stopped responding after I paid.,2026-07-19T08:43:10.880954,2026-07-21T05:24:22.961308,"[""MULE-WV995999"", ""MULE-UZ737834"", ""MULE-KF879282"", ""MULE-II908523""]",10036648317,Unknown ATM,12.942267,77.6228332,2026-07-19T19:46:56.608866,10.96
CMP00462,12.901715,77.666613,Job Fraud,SBI,9100.0,I was offered a work-from-home job and asked to pay a 'registration fee' via UPI. The recruiter stopped responding after I paid.,2026-07-24T23:22:33.830995,2026-07-25T14:21:11.791177,"[""MULE-JP935275"", ""MULE-JI719001""]",4437493193,Unknown ATM,12.9847048,77.6756194,2026-07-25T07:06:20.587522,9.28
CMP00463,12.92298,77.651045,Job Fraud,Canara Bank,12900.0,I was offered a work-from-home job and asked to pay a 'registration fee' via UPI. The recruiter stopped responding after I paid.,2026-08-14T15:29:54.994995,2026-08-16T03:45:30.669710,"[""MULE-WJ571927"", ""MULE-BS984126"", ""MULE-HS541653""]",1468035390,Unknown ATM,12.9168632,77.6045592,2026-08-15T21:39:33.528897,5.08
CMP00464,12.919828,77.562382,KYC Update Scam,SBI,35800.0,"I got a message saying my SBI KYC would expire unless I updated it via a link. After entering my details, money was withdrawn from my account.",2026-07-29T02:11:34.317523,2026-07-30T04:43:48.378781,"[""MULE-DK296654"", ""MULE-ZW428757"", ""MULE-AD628577""]",3453556771,Axis Bank ATM,12.9593929,77.6383584,2026-07-29T19:13:13.083582,9.34
CMP00465,12.920231,77.633894,Job Fraud,Kotak Mahindra Bank,23100.0,I was offered a work-from-home job and asked to pay a 'registration fee' via UPI. The recruiter stopped responding after I paid.,2026-08-04T03:37:50.335626,2026-08-05T11:06:44.818691,"[""MULE-TK606605"", ""MULE-HX214201"", ""MULE-LJ594111"", ""MULE-EP645927""]",4847294837,Unknown ATM,12.9686496,77.6002531,2026-08-04T17:52:00.549845,6.5
CMP00466,12.939939,77.61451,Investment Fraud,HDFC Bank,11100.0,I invested in a trading scheme promoted on social media that promised high returns. The platform is no longer accessible and I've lost my money.,2026-08-09T05:42:57.638469,2026-08-09T11:33:40.246479,"[""MULE-JB700246"", ""MULE-NU216566""]",3342223440,Axis Bank,13.0007619,77.6131533,2026-08-10T05:05:11.244802,6.76
CMP00467,12.903631,77.595723,UPI QR Scam,Canara Bank,10500.0,"Someone posing as a buyer on an online marketplace asked me to scan a QR code to 'receive' payment. Instead, money was deducted from my Canara Bank account.",2026-07-28T07:57:20.217783,2026-07-29T14:03:24.366507,"[""MULE-JW573475"", ""MULE-AW874390""]",11982683583,Unknown ATM,12.9052438,77.6491055,2026-07-29T08:27:18.287501,5.79
CMP00468,13.01366,77.677915,OTP Phishing,SBI,7400.0,I received a call from someone claiming to be a SBI representative. They asked me to share the OTP for a 'card upgrade' and my account was debited immediately after.,2026-08-13T11:59:33.831577,2026-08-14T00:02:15.092570,"[""MULE-TV718234"", ""MULE-FH429324"", ""MULE-HY463706""]",1615734800,State Bank of India,12.9256885,77.6250527,2026-08-14T20:04:29.400896,11.34
CMP00469,12.903412,77.581351,KYC Update Scam,Axis Bank,54600.0,"I got a message saying my Axis Bank KYC would expire unless I updated it via a link. After entering my details, money was withdrawn from my account.",2026-08-03T05:09:05.622353,2026-08-03T15:19:55.653695,"[""MULE-UT388198"", ""MULE-VB378771"", ""MULE-VP068692""]",2387041695,Unknown ATM,12.9043833,77.6455159,2026-08-04T09:07:43.423631,6.96
CMP00470,12.956491,77.685906,KYC Update Scam,SBI,26700.0,"I got a message saying my SBI KYC would expire unless I updated it via a link. After entering my details, money was withdrawn from my account.",2026-08-13T09:35:04.472710,2026-08-13T22:13:07.507630,"[""MULE-ZH002850"", ""MULE-KX912121"", ""MULE-RF311657"", ""MULE-XM965116""]",2125939655,Unknown ATM,13.0324467,77.6087814,2026-08-13T18:06:33.112206,11.88
CMP00471,12.998214,77.55125,Job Fraud,Bank of Baroda,29700.0,I was offered a work-from-home job and asked to pay a 'registration fee' via UPI. The recruiter stopped responding after I paid.,2026-08-02T00:21:30.044062,2026-08-03T08:20:59.903770,"[""MULE-LZ202259"", ""MULE-GK681181""]",3257966388,State Bank of India,12.9757975,77.6044854,2026-08-03T20:41:55.803650,6.28
CMP00472,12.957105,77.696492,OTP Phishing,Punjab National Bank,22100.0,I received a call from someone claiming to be a Punjab National Bank representative. They asked me to share the OTP for a 'card upgrade' and my account was debited immediately after.,2026-07-28T11:39:20.670670,2026-07-29T11:10:37.898634,"[""MULE-YG781683"", ""MULE-TE983298""]",1468516363,Indian Bank,12.9366613,77.6253726,2026-07-29T18:44:03.159645,8.04
CMP00473,13.038952,77.553223,Fake Loan App,Bank of Baroda,34300.0,I applied for a quick personal loan through an app I found online. After paying a 'processing fee' the app disappeared and my money is gone.,2026-08-12T10:07:15.588038,2026-08-13T02:27:55.995560,"[""MULE-MQ651009"", ""MULE-KK906570"", ""MULE-UQ575717""]",1675552772,Citibank,12.9347196,77.61367,2026-08-13T08:38:37.640493,13.31
CMP00474,12.945349,77.699399,KYC Update Scam,Bank of Baroda,11600.0,"I got a message saying my Bank of Baroda KYC would expire unless I updated it via a link. After entering my details, money was withdrawn from my account.",2026-07-20T04:21:27.463223,2026-07-21T19:25:21.142300,"[""MULE-XH375251"", ""MULE-AM642271""]",11535639643,Unknown ATM,12.9409367,77.6958029,2026-07-21T12:38:27.268617,0.63
CMP00475,12.958927,77.570589,Investment Fraud,Kotak Mahindra Bank,12700.0,I invested in a trading scheme promoted on social media that promised high returns. The platform is no longer accessible and I've lost my money.,2026-07-29T08:44:55.106479,2026-07-30T09:58:57.857816,"[""MULE-GO860015"", ""MULE-FG023002"", ""MULE-CB334821"", ""MULE-CP592638""]",11468639559,Unknown ATM,12.9749658,77.606555,2026-07-30T19:13:27.934840,4.29
CMP00476,12.922912,77.695581,KYC Update Scam,Punjab National Bank,30300.0,"I got a message saying my Punjab National Bank KYC would expire unless I updated it via a link. After entering my details, money was withdrawn from my account.",2026-07-26T12:58:22.703158,2026-07-27T10:48:30.633849,"[""MULE-HA744239"", ""MULE-PH160450"", ""MULE-IT847153"", ""MULE-DR494563""]",5304601961,Kotak Mahindra Bank,12.9387032,77.5524202,2026-07-27T00:30:26.649557,15.61
CMP00477,13.029388,77.59635,Investment Fraud,ICICI Bank,11700.0,I invested in a trading scheme promoted on social media that promised high returns. The platform is no longer accessible and I've lost my money.,2026-08-09T23:35:20.478686,2026-08-10T20:31:01.473675,"[""MULE-JH270339"", ""MULE-FH765461"", ""MULE-XP019235"", ""MULE-CJ799174""]",10036648317,Unknown ATM,12.942267,77.6228332,2026-08-11T19:46:01.595492,10.1
CMP00478,13.04229,77.567758,UPI QR Scam,ICICI Bank,61200.0,"Someone posing as a buyer on an online marketplace asked me to scan a QR code to 'receive' payment. Instead, money was deducted from my ICICI Bank account.",2026-07-23T02:58:57.535056,2026-07-24T14:01:08.135243,"[""MULE-WW075724"", ""MULE-DC775808"", ""MULE-XH648898""]",11532959814,Unknown ATM,12.9232383,77.6498021,2026-07-24T17:07:51.308956,15.95
CMP00479,13.011841,77.673255,Investment Fraud,Bank of Baroda,62600.0,I invested in a trading scheme promoted on social media that promised high returns. The platform is no longer accessible and I've lost my money.,2026-08-01T10:03:16.751356,2026-08-01T17:46:21.407893,"[""MULE-LA241194"", ""MULE-RZ576212""]",1474297569,ICICI Bank,12.9814476,77.6103605,2026-08-01T23:56:52.312014,7.61
CMP00480,12.940029,77.635056,Fake Loan App,Axis Bank,19200.0,I applied for a quick personal loan through an app I found online. After paying a 'processing fee' the app disappeared and my money is gone.,2026-07-29T04:04:12.764585,2026-07-29T15:32:18.781153,"[""MULE-ZV376325"", ""MULE-AL271062"", ""MULE-ZW516718""]",1445322853,Canara Bank,12.9287707,77.5824139,2026-07-29T11:09:56.739896,5.84
CMP00481,12.927596,77.608119,Job Fraud,ICICI Bank,6000.0,I was offered a work-from-home job and asked to pay a 'registration fee' via UPI. The recruiter stopped responding after I paid.,2026-07-23T02:19:43.411149,2026-07-23T10:36:30.881355,"[""MULE-KU272132"", ""MULE-UU276242""]",3556124492,Unknown ATM,12.9822309,77.6388012,2026-07-23T17:49:55.897834,6.93
CMP00482,12.930425,77.580684,Fake Loan App,Canara Bank,62700.0,I applied for a quick personal loan through an app I found online. After paying a 'processing fee' the app disappeared and my money is gone.,2026-07-23T05:07:33.297743,2026-07-24T22:48:52.357194,"[""MULE-NI611264"", ""MULE-FG663199"", ""MULE-TG095924""]",3198591322,HDFC Bank,12.9159874,77.6515544,2026-07-24T07:42:12.663998,7.85
CMP00483,13.016432,77.641189,Job Fraud,Punjab National Bank,30100.0,I was offered a work-from-home job and asked to pay a 'registration fee' via UPI. The recruiter stopped responding after I paid.,2026-08-02T11:18:20.460904,2026-08-03T06:31:40.232092,"[""MULE-TO655269"", ""MULE-EG856927"", ""MULE-ZD991929"", ""MULE-HP637155""]",4690233190,Unknown ATM,12.9812124,77.6369363,2026-08-04T08:44:58.297853,3.94
CMP00484,13.018038,77.628097,Job Fraud,Canara Bank,500000,I was offered a work-from-home job and asked to pay a 'registration fee' via UPI. The recruiter stopped responding after I paid.,2026-08-08T05:36:07.006789,2026-08-09T21:23:05.734173,"[""MULE-ZU642195"", ""MULE-UK452980"", ""MULE-HK118024"", ""MULE-DM866825""]",13735291749,Unknown ATM,12.9654466,77.5854124,2026-08-08T13:23:00.293290,7.46
CMP00485,12.905888,77.60811,Investment Fraud,SBI,19900.0,I invested in a trading scheme promoted on social media that promised high returns. The platform is no longer accessible and I've lost my money.,2026-08-09T04:36:27.860641,2026-08-09T14:07:32.268776,"[""MULE-NG836210"", ""MULE-WB115053"", ""MULE-YS247942""]",11505846465,Unknown ATM,12.9747188,77.6087556,2026-08-10T05:04:08.406498,7.65
CMP00486,12.99197,77.558182,KYC Update Scam,ICICI Bank,8400.0,"I got a message saying my ICICI Bank KYC would expire unless I updated it via a link. After entering my details, money was withdrawn from my account.",2026-07-27T04:32:29.784525,2026-07-28T03:03:41.785500,"[""MULE-BL178063"", ""MULE-CJ779315"", ""MULE-LD262523"", ""MULE-KJ855606""]",1466328827,Syndicate Bank,12.9370677,77.568849,2026-07-28T13:40:40.332524,6.21
CMP00487,12.967633,77.576832,KYC Update Scam,Axis Bank,32400.0,"I got a message saying my Axis Bank KYC would expire unless I updated it via a link. After entering my details, money was withdrawn from my account.",2026-07-20T16:52:03.170234,2026-07-22T11:17:18.954733,"[""MULE-AB530306"", ""MULE-WJ740434"", ""MULE-AJ173677"", ""MULE-MG267150""]",3016090372,Yes Bank,12.9009848,77.5859587,2026-07-21T02:39:18.335021,7.48
CMP00488,12.917125,77.61741,UPI QR Scam,HDFC Bank,27100.0,"Someone posing as a buyer on an online marketplace asked me to scan a QR code to 'receive' payment. Instead, money was deducted from my HDFC Bank account.",2026-07-18T13:04:37.810563,2026-07-19T14:27:30.569900,"[""MULE-JA285028"", ""MULE-FK433339"", ""MULE-MO335023"", ""MULE-HY972541""]",10294519331,Unknown ATM,12.9708195,77.600727,2026-07-19T11:12:31.821551,6.24
CMP00489,12.982552,77.556586,Fake Loan App,Punjab National Bank,3900.0,I applied for a quick personal loan through an app I found online. After paying a 'processing fee' the app disappeared and my money is gone.,2026-08-01T07:52:57.695048,2026-08-02T11:14:36.754974,"[""MULE-TN106557"", ""MULE-ET146994""]",1603318780,Corporation Bank,12.9481696,77.5986927,2026-08-02T17:34:58.682547,5.95
CMP00490,12.962937,77.596428,Job Fraud,Bank of Baroda,21800.0,I was offered a work-from-home job and asked to pay a 'registration fee' via UPI. The recruiter stopped responding after I paid.,2026-08-04T14:19:23.861337,2026-08-05T20:34:47.298629,"[""MULE-GM130304"", ""MULE-IR967311""]",1474220586,Citibank,12.9689844,77.6415777,2026-08-05T01:15:38.022871,4.94
CMP00491,12.991198,77.62402,Fake Loan App,Canara Bank,9200.0,I applied for a quick personal loan through an app I found online. After paying a 'processing fee' the app disappeared and my money is gone.,2026-07-24T21:26:08.799557,2026-07-25T19:29:18.080297,"[""MULE-VA278795"", ""MULE-WO766132""]",4849094834,Unknown ATM,12.9652861,77.5864103,2026-07-25T21:59:40.354215,4.99
CMP00492,12.992965,77.633632,Fake Loan App,SBI,113600.0,I applied for a quick personal loan through an app I found online. After paying a 'processing fee' the app disappeared and my money is gone.,2026-08-15T10:54:05.146506,2026-08-15T20:10:52.784346,"[""MULE-BJ417843"", ""MULE-SG082484""]",3257966388,State Bank of India,12.9757975,77.6044854,2026-08-15T19:12:50.813932,3.69
CMP00493,13.025702,77.594766,OTP Phishing,SBI,38400.0,I received a call from someone claiming to be a SBI representative. They asked me to share the OTP for a 'card upgrade' and my account was debited immediately after.,2026-08-07T07:17:05.657095,2026-08-07T12:57:25.444515,"[""MULE-XV444468"", ""MULE-GY248199"", ""MULE-ED186004""]",1758038060,ICICI Bank,12.9686424,77.6498752,2026-08-09T07:01:18.416407,8.71
CMP00494,12.989245,77.668096,Fake Loan App,Canara Bank,2000,I applied for a quick personal loan through an app I found online. After paying a 'processing fee' the app disappeared and my money is gone.,2026-08-09T18:42:09.235310,2026-08-11T06:47:45.487654,"[""MULE-KZ191486"", ""MULE-WK183399"", ""MULE-UN913431""]",663599408,Karnataka Bank,12.9686616,77.5875127,2026-08-10T15:49:49.758826,9.03
CMP00495,13.02304,77.663766,KYC Update Scam,HDFC Bank,14000.0,"I got a message saying my HDFC Bank KYC would expire unless I updated it via a link. After entering my details, money was withdrawn from my account.",2026-08-03T15:48:21.229627,2026-08-04T06:12:55.623611,"[""MULE-JM996098"", ""MULE-GS344847"", ""MULE-AE605126""]",7228148554,Unknown ATM,13.0307271,77.5599951,2026-08-04T03:27:24.552936,11.27
CMP00496,12.931477,77.581358,OTP Phishing,HDFC Bank,20300.0,I received a call from someone claiming to be a HDFC Bank representative. They asked me to share the OTP for a 'card upgrade' and my account was debited immediately after.,2026-07-27T08:36:42.732947,2026-07-28T12:15:06.502860,"[""MULE-SZ120932"", ""MULE-SV860504""]",4392383891,Unknown ATM,12.9367073,77.6206344,2026-07-29T07:44:40.444737,4.3
CMP00497,13.040084,77.697942,UPI QR Scam,Kotak Mahindra Bank,17000.0,"Someone posing as a buyer on an online marketplace asked me to scan a QR code to 'receive' payment. Instead, money was deducted from my Kotak Mahindra Bank account.",2026-08-12T21:44:08.250483,2026-08-14T03:09:20.678269,"[""MULE-GZ126628"", ""MULE-YH820033"", ""MULE-FF850986"", ""MULE-EF911884""]",4449313889,HDFC Bank,13.0050034,77.6233355,2026-08-13T17:01:41.320528,8.97
CMP00498,12.984395,77.627956,Investment Fraud,Canara Bank,14700.0,I invested in a trading scheme promoted on social media that promised high returns. The platform is no longer accessible and I've lost my money.,2026-07-26T15:26:23.074398,2026-07-27T15:20:01.335984,"[""MULE-WI994246"", ""MULE-RW190736"", ""MULE-RX621893"", ""MULE-JF454014""]",4966811521,Unknown ATM,12.9192929,77.5926382,2026-07-27T04:59:45.047824,8.19
CMP00499,12.917731,77.619733,OTP Phishing,Axis Bank,6700.0,I received a call from someone claiming to be a Axis Bank representative. They asked me to share the OTP for a 'card upgrade' and my account was debited immediately after.,2026-08-03T08:02:39.341950,2026-08-04T22:31:24.846015,"[""MULE-MV467502"", ""MULE-BN478112"", ""MULE-NW341595""]",3654139977,Canara Bank,12.9791721,77.5934264,2026-08-05T08:00:06.177446,7.4
CMP00500,12.931851,77.646093,Investment Fraud,Bank of Baroda,34100.0,I invested in a trading scheme promoted on social media that promised high returns. The platform is no longer accessible and I've lost my money.,2026-07-18T20:33:32.590651,2026-07-19T09:08:37.986944,"[""MULE-CA421457"", ""MULE-EU840501"", ""MULE-TA055363"", ""MULE-FM930447""]",3016052472,Unknown ATM,12.9205278,77.6131342,2026-07-19T05:24:29.403439,3.79
